V1,V2,V3,V4,V5,V6,V7,V8,V9,V10,V11,V12,V13,V14,V15,V16,V17,V18,V19,V20,V21,V22,V23,V24,V25,V26,V27,V28,V29,V30,V31,V32,V33,V34,V35,V36,V37,V38,V39,V40,V41,V42,V43,V44,V45,V46,V47,V48,V49,V50,V51,V52,V53,V54,V55,V56,V57,V58,V59,V60,V61,V62,V63,V64,V65,V66,V67,V68,V69,V70,V71,V72,V73,V74,V75,V76,V77,V78,V79,V80,V81,V82,V83,V84,V85,V86,V87,V88,V89,V90,V91,V92,V93,V94,V95,V96
70,63,73,63,64,49,61,72,59,55,50,66,65,68,60,74,59,55,46,61,59,55,56,55,68,48,50,62,48,47,51,41,35,52,52,63,18,71,58,27,24,39,34,26,24,22,48,37,62,71,80,66,64,72,78,70,50,69,53,74,81,78,75,63,52,60,41,29,37,37,75,52,24,25,28,35,35,27,31,36,70,80,72,59,68,69,76,76,73,71,60,52,80,47,61,65
70,66,70,64,65,59,55,69,59,62,49,72,58,74,62,65,66,70,43,62,68,61,53,57,66,40,50,59,43,53,48,39,28,45,40,68,18,55,51,24,18,34,17,16,28,13,41,31,65,74,79,69,72,73,80,74,55,69,59,74,83,81,59,61,57,69,42,23,33,30,70,51,29,16,20,34,25,20,24,40,76,76,66,56,69,69,69,75,76,85,59,56,84,42,54,72
62,63,73,69,58,50,54,66,58,64,53,75,68,78,58,62,54,64,40,60,57,50,47,55,63,33,50,62,43,52,53,38,34,53,47,66,11,54,66,27,14,31,20,20,15,15,38,35,62,70,77,62,74,71,79,66,44,68,47,84,80,72,69,64,48,61,49,20,42,25,70,48,20,14,27,28,41,21,23,43,67,73,66,56,62,65,61,73,71,88,57,55,89,36,68,59
63,59,67,71,59,58,52,61,65,58,52,68,48,73,63,62,65,74,52,69,59,52,60,65,67,48,52,66,43,51,57,42,39,50,39,57,17,60,42,19,24,30,19,23,33,23,55,41,65,77,82,73,75,82,73,74,50,71,56,68,76,71,61,65,57,61,46,37,48,37,74,51,38,24,24,32,39,22,29,46,73,76,76,71,72,67,72,75,65,79,61,59,74,50,61,72
62,57,71,65,53,47,59,64,59,59,50,71,63,71,58,62,51,63,57,66,57,59,49,63,61,45,53,55,54,48,46,45,38,47,52,55,17,55,52,26,22,33,23,34,22,18,54,32,56,71,68,67,69,73,72,61,44,64,52,72,93,73,71,60,49,58,39,34,33,27,67,43,27,20,34,36,30,28,32,44,66,70,64,57,68,72,66,70,72,73,52,53,87,44,66,65
65,61,63,58,58,46,56,61,61,53,49,68,49,77,53,60,55,58,51,61,62,55,59,58,63,51,52,59,54,54,48,37,35,44,38,53,18,61,45,24,16,31,21,25,20,25,51,44,60,70,71,63,69,71,74,63,43,61,50,76,80,76,65,61,51,60,47,29,29,42,65,44,31,21,31,23,40,35,23,39,69,78,67,52,68,67,69,70,77,75,59,48,81,44,63,53
64,67,70,63,70,52,61,71,59,61,51,65,49,75,52,63,64,62,51,65,70,49,51,58,68,51,50,58,47,55,45,52,33,52,51,56,11,60,46,23,16,33,20,24,22,22,49,42,62,69,80,67,68,83,79,76,45,74,50,72,78,75,74,64,59,64,45,34,42,26,67,48,27,14,30,28,39,26,23,39,73,74,70,53,68,71,70,75,68,79,64,54,85,39,66,64
59,53,76,65,50,54,52,65,56,55,51,72,54,77,58,65,62,59,47,62,53,51,51,50,60,46,45,59,41,52,45,48,34,51,41,58,13,70,44,27,19,25,27,26,19,20,41,33,62,69,76,70,66,77,77,73,36,62,56,73,85,79,77,64,47,54,48,25,38,25,70,53,31,25,27,33,47,25,22,41,71,77,60,50,60,61,72,73,78,80,63,49,85,40,67,59
65,65,73,66,71,57,49,66,67,64,46,71,55,74,57,66,64,67,48,66,61,55,55,62,76,49,58,54,51,44,59,50,29,49,37,58,14,63,46,22,22,29,23,24,16,16,50,40,68,79,83,75,72,80,86,70,44,72,57,75,81,85,70,70,51,63,42,28,46,38,75,47,27,19,26,38,36,37,20,47,71,82,69,53,69,64,74,81,78,85,68,54,83,53,62,66
69,68,75,66,59,50,51,73,54,67,45,76,58,80,56,61,47,65,54,56,63,57,54,60,61,43,44,60,50,51,46,41,37,56,41,62,14,60,55,21,12,30,22,28,25,20,41,40,61,74,79,74,68,70,83,65,51,66,55,70,81,76,68,61,46,58,39,23,34,23,69,48,35,16,22,29,30,20,21,40,64,69,66,60,56,65,76,75,82,80,57,46,87,44,64,59
70,67,76,70,62,60,50,66,61,69,59,72,71,78,60,62,66,68,39,68,70,55,59,69,70,51,56,62,42,48,51,44,34,45,48,61,10,65,44,20,14,28,23,15,15,13,45,41,69,74,83,75,74,81,82,78,43,75,54,74,80,79,70,68,57,62,50,32,34,24,72,35,21,20,21,27,38,33,25,34,79,83,65,62,67,71,72,80,81,87,58,51,87,43,63,73
63,59,61,60,64,54,58,63,55,66,41,67,58,68,57,62,64,56,50,52,63,54,53,57,60,50,49,53,50,48,40,49,35,55,46,60,22,51,51,25,21,30,25,27,22,25,43,40,56,68,74,67,67,74,74,68,55,68,54,77,86,73,68,63,44,61,49,22,31,37,58,44,32,18,31,34,41,30,28,41,60,74,63,55,67,69,64,72,80,71,56,50,89,49,63,69
67,55,70,61,62,59,52,66,60,64,42,67,51,65,49,66,63,62,51,55,64,59,48,55,58,43,53,64,56,51,50,52,44,51,43,57,16,66,59,28,15,31,22,28,21,21,49,34,62,67,82,71,71,79,81,71,45,62,58,69,79,72,68,65,55,56,45,29,39,31,75,56,18,18,29,29,38,27,28,45,76,77,69,58,70,76,67,75,67,81,59,54,84,43,60,72
64,56,62,62,51,57,58,66,65,63,42,70,57,72,60,58,56,57,52,54,51,60,52,50,63,41,54,61,45,44,53,40,40,53,42,67,15,69,50,19,22,41,21,24,18,18,47,33,62,66,77,70,65,72,79,67,42,57,52,78,80,80,67,65,46,56,46,23,35,34,68,47,21,21,27,29,47,33,32,39,61,74,65,56,60,61,64,72,74,76,50,36,88,43,63,63
62,53,72,75,63,56,53,70,63,56,55,71,59,76,60,72,56,68,57,62,62,52,56,57,67,54,49,55,40,49,52,64,36,41,35,60,19,62,52,29,14,33,21,25,26,25,49,45,61,77,84,69,67,78,84,73,58,67,46,72,76,76,64,62,61,68,46,32,38,33,71,52,34,19,28,27,44,28,27,34,69,80,74,64,71,71,74,76,75,80,51,55,81,44,65,63
58,55,67,57,56,56,58,57,61,54,48,71,53,70,59,68,59,61,51,55,60,56,53,54,65,48,45,55,53,51,45,41,41,44,46,64,16,49,51,25,22,39,28,27,21,21,56,37,54,72,82,68,68,74,70,75,42,58,36,74,76,71,63,62,58,62,53,30,33,35,68,50,34,22,21,35,41,23,25,46,65,76,65,53,68,64,67,73,70,78,55,42,82,44,59,65
63,63,64,72,60,58,53,73,60,63,45,64,52,73,57,69,60,66,46,60,63,58,51,58,73,39,44,54,51,37,46,45,39,42,51,53,18,55,45,32,21,27,19,26,27,22,36,39,65,72,78,69,67,75,82,70,56,68,53,67,83,72,69,56,56,66,57,26,28,24,64,47,31,13,22,33,37,28,31,38,71,73,61,55,67,68,73,71,77,75,65,51,85,34,69,60
61,55,68,61,57,55,58,63,67,55,42,63,54,73,56,61,60,60,41,56,60,63,55,52,65,50,51,58,42,45,40,42,35,55,45,66,20,51,55,24,21,30,20,21,21,14,50,42,68,71,71,69,72,78,74,72,45,69,46,72,88,81,65,62,47,52,36,26,36,33,63,49,29,31,24,33,36,24,27,43,59,75,63,51,75,69,66,78,73,73,61,44,75,43,57,65
64,67,65,62,58,58,59,70,63,63,42,72,49,74,60,67,58,68,46,61,59,52,53,56,66,51,55,56,48,45,45,49,34,47,44,61,13,65,43,12,19,30,28,29,10,13,49,38,59,72,81,75,67,77,81,66,42,64,49,76,77,76,72,62,56,59,47,20,29,29,70,56,30,17,20,32,46,32,25,37,71,74,70,58,71,70,69,73,76,81,59,54,78,41,65,68
63,69,73,65,65,54,61,75,52,57,52,84,64,75,52,64,53,61,44,62,58,69,52,57,62,44,53,58,42,47,51,51,26,50,41,70,13,61,47,27,18,34,19,17,22,19,45,28,62,72,82,71,71,73,83,69,45,65,49,77,86,80,66,58,52,55,53,40,40,34,71,43,30,23,29,32,35,29,30,39,69,76,67,50,64,67,75,80,73,83,60,52,82,35,70,67
67,61,71,68,72,53,52,69,65,58,54,63,51,72,53,68,59,70,40,60,66,50,61,65,66,52,56,58,54,50,57,40,42,45,43,63,14,62,53,24,19,27,27,28,25,23,49,45,65,75,81,68,71,78,76,73,42,71,47,76,73,70,60,60,60,63,53,23,39,31,71,46,35,15,24,34,37,33,30,39,76,81,67,71,69,75,72,81,74,79,63,56,84,44,52,68
65,65,70,69,57,57,59,70,67,71,45,67,64,76,59,66,54,65,48,66,67,52,56,54,66,44,56,60,48,51,43,55,37,47,37,58,21,59,57,22,13,26,19,22,18,21,50,34,70,73,80,70,75,79,85,77,49,74,44,72,72,76,66,59,40,63,44,25,47,32,72,47,35,24,23,34,39,28,28,44,70,78,66,61,65,68,78,79,82,78,58,50,89,42,64,62
69,72,76,63,70,56,61,68,62,63,42,72,68,73,65,70,64,65,45,68,66,60,63,60,70,52,54,58,42,50,48,36,37,55,54,62,13,71,59,17,16,30,17,16,24,21,53,42,67,77,83,76,75,80,83,73,48,70,50,77,88,80,70,60,59,62,58,23,30,24,73,42,27,15,21,30,42,23,33,48,72,81,74,63,72,71,74,73,79,84,64,52,87,44,63,73
59,52,64,61,54,54,56,63,60,58,45,67,60,72,59,59,55,53,53,57,58,55,45,57,57,47,46,60,43,47,43,35,33,51,50,57,14,57,46,26,23,44,22,23,25,17,39,34,60,67,70,70,61,72,74,69,46,58,48,68,78,74,74,59,51,60,35,32,37,25,64,43,33,16,23,29,39,35,24,36,59,66,59,61,59,57,67,71,75,78,54,44,78,47,57,67
62,61,74,61,61,54,50,67,67,57,52,72,55,81,69,68,58,71,45,58,59,60,49,64,64,50,51,57,42,50,48,52,29,50,37,65,15,64,55,18,19,32,23,27,28,23,44,43,61,75,77,70,72,81,78,72,53,63,57,78,87,75,65,65,55,54,47,37,34,28,69,46,33,17,32,32,43,21,31,35,75,80,67,60,62,71,72,76,77,82,59,45,82,46,61,63
55,72,64,55,53,40,46,70,49,54,46,65,65,73,58,65,56,61,43,53,60,48,52,53,59,39,54,53,47,37,54,40,33,45,43,62,9,62,48,26,15,36,24,24,24,15,40,40,55,65,76,65,70,71,81,68,35,60,40,73,78,82,61,63,44,66,40,29,38,26,68,33,24,14,21,29,39,24,28,39,56,69,56,54,59,64,66,74,74,75,54,54,79,43,69,55
62,65,65,62,64,57,52,65,67,60,42,67,57,66,60,63,60,66,49,60,53,55,54,64,66,40,43,55,55,52,44,44,41,39,46,62,18,61,49,29,25,31,24,26,26,17,46,26,63,73,70,66,69,74,75,67,49,60,50,74,81,78,70,60,47,67,41,31,41,21,69,47,32,22,24,24,42,31,29,51,68,77,65,51,64,71,68,79,74,73,48,52,78,42,57,67
68,63,71,63,63,57,53,64,64,63,48,68,55,71,61,61,62,67,47,60,66,49,65,62,69,49,51,60,39,49,41,52,32,42,40,60,17,65,48,24,14,34,24,18,26,20,37,42,56,72,78,75,68,70,82,71,53,70,47,70,77,69,57,59,44,59,50,29,41,33,59,49,30,22,19,29,44,31,25,41,69,79,62,59,68,68,70,73,68,74,53,56,71,48,49,61
71,66,74,68,62,56,58,68,57,64,47,64,64,62,58,58,63,65,50,57,68,58,54,58,63,43,53,60,42,36,40,48,26,53,48,54,19,67,50,20,10,33,19,18,22,15,41,50,63,74,81,75,68,77,83,70,42,74,46,80,82,76,69,55,51,62,47,27,37,36,68,55,27,15,25,39,40,22,26,35,73,78,69,56,67,75,65,78,79,77,59,57,82,36,58,71
58,74,69,65,59,60,69,71,56,64,52,67,58,75,54,66,48,65,57,63,65,63,50,53,59,40,53,52,47,43,53,51,37,50,57,62,18,55,51,25,25,40,25,20,15,21,37,39,57,70,84,62,77,75,82,69,55,60,57,73,82,79,64,57,49,56,48,25,41,27,71,44,33,22,31,32,40,31,28,50,74,77,66,62,61,72,69,81,75,79,61,61,84,40,62,65
60,57,71,68,56,52,55,66,56,50,53,70,59,78,54,65,55,57,49,62,58,56,50,51,71,44,48,53,42,52,42,42,38,56,45,57,15,66,45,24,14,33,24,32,18,15,45,43,53,70,70,74,71,79,79,58,41,66,57,79,83,75,69,72,53,60,47,28,39,34,65,43,35,21,21,26,40,35,22,41,69,74,66,50,64,59,64,76,77,75,56,50,80,44,66,62
64,60,64,64,60,44,50,67,57,60,43,76,61,67,63,60,67,67,50,60,61,55,66,59,56,49,58,54,46,53,46,42,26,44,37,69,16,66,54,24,20,26,19,16,21,13,49,26,64,72,74,71,70,73,75,64,45,67,48,73,76,80,69,63,61,57,46,25,36,32,68,39,31,11,25,32,38,25,25,42,64,78,69,61,59,66,69,77,73,81,59,51,80,49,63,69
60,54,68,66,65,59,47,56,61,59,54,66,54,71,49,65,58,66,53,65,61,53,54,63,59,50,56,55,43,36,48,51,36,51,51,61,17,58,50,28,23,34,27,19,26,21,52,41,60,73,74,65,60,72,74,71,44,60,41,68,75,70,62,61,55,60,45,28,40,31,69,44,31,17,21,40,38,30,25,40,69,67,71,65,65,72,68,71,69,79,61,47,77,50,58,69
61,60,75,67,65,59,56,68,63,64,53,69,58,78,66,67,69,68,45,66,70,59,53,59,72,52,41,65,53,52,52,40,34,57,46,57,18,59,45,21,19,35,25,21,17,13,51,42,73,74,86,75,74,75,81,69,54,69,58,75,87,81,72,57,55,61,49,23,35,33,71,40,36,23,20,35,35,28,29,41,70,84,70,67,71,71,73,80,76,86,61,66,87,37,66,78
70,58,66,65,61,53,59,65,56,56,47,73,54,78,56,65,52,55,51,63,64,55,46,52,59,43,45,55,53,49,54,47,39,46,49,59,14,67,50,20,20,29,33,17,21,28,48,38,61,62,74,65,65,75,76,75,32,64,61,75,82,73,66,63,59,59,38,27,38,28,65,44,35,22,21,33,46,27,23,37,64,70,60,43,64,61,61,72,73,75,66,45,77,36,66,61
64,60,71,69,63,55,58,64,54,65,60,75,60,73,51,67,59,66,55,65,62,54,54,57,64,51,59,55,46,51,48,43,31,51,51,47,15,58,51,26,17,34,24,28,18,18,37,35,64,72,82,67,63,77,80,76,47,69,53,71,86,80,69,53,50,59,55,28,36,32,68,52,22,16,35,35,45,28,27,42,72,80,68,60,63,61,62,74,65,80,59,60,82,47,61,75
60,61,67,70,61,61,56,67,61,63,54,76,56,77,58,62,54,65,55,61,63,65,57,59,68,38,52,61,52,42,56,48,43,46,49,63,18,46,44,26,24,36,24,26,16,21,45,29,60,68,81,74,67,74,86,66,48,67,53,84,85,81,73,62,49,62,45,32,37,34,72,46,30,20,32,35,41,33,31,44,71,78,69,55,69,68,77,74,77,79,58,47,88,45,61,66
68,60,57,66,61,62,60,56,58,67,55,70,58,69,64,57,59,63,47,61,63,58,50,57,63,45,53,62,46,50,55,42,34,45,45,58,16,65,50,21,22,34,24,23,29,18,46,45,55,72,81,70,63,75,78,70,45,66,59,69,78,74,62,70,50,56,38,30,43,29,71,51,29,26,29,40,41,28,21,38,66,74,68,63,70,70,70,79,75,79,66,52,80,41,65,63
65,70,68,65,58,56,55,66,58,72,49,74,60,77,61,61,54,60,44,59,67,58,51,56,66,46,46,64,48,58,34,49,34,51,54,59,16,62,44,26,18,34,22,25,24,16,51,33,72,79,82,74,75,78,75,76,47,68,43,68,83,74,69,61,59,70,47,22,35,33,73,48,30,22,29,35,36,30,16,46,71,78,70,61,78,73,75,76,76,79,64,57,84,38,64,64
66,58,78,67,62,46,53,67,69,55,43,64,55,75,58,65,59,70,56,56,69,57,60,57,73,47,55,72,52,50,54,55,31,48,39,61,14,62,55,31,21,26,27,19,16,20,45,43,62,76,81,70,72,80,76,70,51,63,54,70,82,76,57,60,51,61,51,28,44,42,69,51,35,23,25,31,40,28,26,51,71,78,66,61,69,66,72,78,66,73,56,49,80,40,66,66
60,66,66,62,53,54,51,59,55,59,48,69,44,79,58,60,55,65,45,61,61,61,51,55,55,47,46,51,40,50,48,41,32,48,39,60,12,65,59,25,20,39,30,21,17,26,46,35,62,68,79,70,62,72,80,71,40,67,49,77,78,78,63,63,48,54,43,31,47,31,63,47,28,14,27,29,41,21,31,46,68,73,62,56,64,61,63,75,74,74,51,54,77,42,69,60
59,74,75,64,62,54,61,74,60,65,37,75,68,81,54,65,66,67,43,61,68,65,56,56,66,39,50,58,43,50,47,34,35,62,53,56,9,71,49,19,15,35,22,22,25,19,45,39,67,78,77,73,73,79,80,69,41,66,53,68,86,79,70,63,51,64,40,24,37,34,68,41,33,16,17,30,41,32,26,39,68,74,68,56,65,66,74,77,79,89,66,60,92,44,70,66
64,63,78,72,63,65,50,77,60,64,50,58,51,78,63,57,56,65,49,61,61,66,60,62,69,50,59,52,51,46,40,50,40,57,43,65,12,59,51,19,20,35,24,23,20,18,54,37,68,72,83,73,73,82,78,71,49,68,46,73,81,81,68,64,56,57,42,31,40,32,70,43,29,22,27,35,39,25,33,43,76,80,64,60,68,71,71,77,73,83,63,54,84,43,60,65
62,63,73,64,58,54,52,69,71,65,51,61,58,77,56,60,70,68,51,63,69,62,54,65,67,56,51,64,47,51,42,51,44,50,48,61,18,55,44,25,23,35,23,27,21,22,40,41,69,75,84,72,66,80,79,71,59,69,51,79,80,75,66,64,54,61,52,35,34,30,73,56,37,18,32,42,43,34,27,44,74,81,67,61,70,72,70,80,69,80,65,49,89,50,65,72
61,57,71,59,63,53,52,63,57,52,46,73,52,72,57,73,65,67,50,64,69,53,54,55,61,43,55,60,45,45,50,50,47,47,40,59,19,64,50,22,13,27,25,26,18,28,49,37,59,70,73,70,71,80,83,68,55,66,45,75,80,81,68,64,47,66,40,27,42,34,71,45,21,21,31,38,41,28,33,50,82,80,70,64,66,73,69,72,71,73,63,58,81,48,62,68
55,63,61,67,63,46,58,72,52,66,56,65,55,75,58,58,62,64,41,57,66,62,50,51,65,42,50,59,43,46,47,41,36,55,52,55,11,50,52,31,19,36,25,23,26,24,45,43,61,74,74,74,71,71,85,76,42,67,57,79,77,72,66,64,48,64,47,24,43,31,69,52,36,13,27,31,38,28,20,43,68,76,64,56,65,64,64,72,78,84,55,55,83,47,61,71
63,60,63,66,60,48,59,61,64,56,53,72,52,76,55,62,59,71,46,63,62,65,47,57,62,47,57,59,46,47,43,52,45,49,45,60,19,70,48,16,22,32,16,26,19,19,44,38,62,72,77,77,71,81,79,74,47,61,47,79,75,74,71,60,54,60,45,28,47,20,72,48,41,20,29,27,39,36,26,38,69,74,64,64,67,68,75,74,74,76,53,54,82,42,63,66
66,63,68,63,58,56,52,70,50,60,46,77,46,78,55,58,63,60,48,57,57,52,55,52,56,40,50,55,45,53,45,49,38,45,57,54,20,65,52,24,21,32,21,19,21,21,50,33,60,73,77,69,71,73,80,69,51,63,51,76,85,80,70,60,53,57,47,30,39,31,64,53,27,19,18,30,32,28,31,42,68,67,69,55,61,62,65,69,74,81,52,51,85,45,66,61
60,60,69,54,63,55,51,63,55,53,47,70,58,73,57,70,58,56,55,66,66,54,46,62,71,44,60,57,42,50,54,45,43,50,44,60,18,62,47,24,19,43,24,22,21,15,45,35,66,69,76,64,65,74,76,67,52,61,49,68,82,76,66,60,49,57,48,34,40,36,64,53,38,18,28,37,46,33,24,41,69,73,62,56,64,65,67,76,67,77,65,55,83,44,61,72
63,66,75,64,64,52,59,69,55,64,42,67,56,72,56,66,59,62,49,56,60,53,48,52,66,44,45,58,50,40,49,40,37,44,46,51,16,57,46,21,20,42,23,22,19,16,36,45,63,73,78,67,74,77,84,74,42,67,54,81,84,81,75,69,58,57,50,24,36,31,67,45,29,22,26,31,43,21,24,44,67,79,62,55,70,61,70,79,71,84,57,50,88,38,64,72
72,65,71,61,61,51,52,71,63,61,53,74,49,77,48,67,60,66,44,63,62,52,57,62,69,41,46,64,59,51,51,45,29,41,44,59,21,63,44,29,15,35,33,24,21,25,50,35,70,80,74,77,82,78,80,78,42,61,51,82,88,76,69,63,48,58,47,28,30,33,70,48,37,19,28,37,33,33,20,41,67,74,65,61,60,65,77,72,76,79,60,52,84,46,65,65
64,56,67,62,61,48,54,52,59,53,53,62,53,72,56,55,53,62,45,55,54,56,55,52,67,42,46,62,38,45,40,48,34,51,48,61,18,59,58,22,10,23,25,23,21,19,47,38,57,71,75,66,70,72,76,67,50,69,47,77,81,68,65,58,49,60,47,32,45,33,63,48,29,21,20,28,45,25,24,36,63,70,62,56,67,71,70,75,62,78,54,45,84,37,70,67
61,59,66,64,55,57,54,70,56,63,47,68,50,82,61,61,65,63,49,57,52,64,54,55,65,43,53,55,37,47,40,45,40,45,38,58,10,63,55,29,16,36,29,17,19,23,32,38,64,70,80,66,64,77,85,63,37,69,55,73,88,76,64,59,48,57,46,28,37,28,65,46,37,19,25,29,42,33,26,42,68,71,63,55,62,75,71,75,79,79,66,53,86,41,71,70
62,58,62,57,51,47,52,68,57,56,51,67,47,67,58,59,61,59,47,62,61,51,40,51,63,39,50,49,50,53,46,50,44,47,43,64,10,64,56,26,20,35,25,23,21,12,53,38,63,69,74,66,61,69,78,63,44,64,58,67,79,70,61,59,39,61,47,24,42,31,64,46,31,16,26,33,44,30,28,37,69,71,60,52,67,58,62,70,75,79,51,51,77,41,59,64
62,62,72,60,55,54,57,65,65,59,60,57,55,75,54,58,69,60,52,56,57,54,53,57,62,42,51,57,47,41,44,40,30,53,42,54,32,62,59,21,22,45,16,30,23,24,49,33,58,68,79,65,70,70,78,60,51,63,49,71,68,71,67,67,52,57,43,32,35,32,73,51,36,20,20,29,44,36,35,38,71,74,73,58,73,67,68,72,69,75,53,48,82,41,53,67
68,65,69,61,62,59,52,68,62,61,48,61,53,73,62,64,58,63,44,60,57,64,56,53,62,41,50,56,48,42,52,39,41,54,52,63,21,65,51,17,17,20,28,19,24,17,49,37,70,70,79,65,65,75,75,65,46,56,58,70,81,76,71,57,50,58,47,23,30,31,68,40,33,24,26,36,43,21,23,37,70,78,67,55,68,63,74,75,71,82,56,44,79,44,65,66
59,59,67,68,64,55,56,70,58,67,35,63,47,74,57,62,66,66,49,62,61,60,56,57,64,57,46,58,55,48,51,45,35,45,43,61,18,64,52,17,22,28,24,24,26,19,48,44,65,66,81,70,75,76,77,73,48,71,59,68,83,81,71,63,54,67,45,36,41,24,78,55,31,17,30,34,38,26,28,36,65,79,68,64,72,69,72,80,78,76,65,59,85,57,63,63
57,55,66,62,61,53,64,65,58,63,53,67,58,76,56,63,57,65,53,59,58,59,51,57,68,50,46,60,47,48,52,49,40,52,46,60,17,65,55,22,21,36,31,23,21,14,33,32,66,67,75,73,66,69,76,67,45,64,55,74,72,71,64,63,51,58,41,26,39,37,66,49,28,18,23,30,45,29,29,40,66,73,57,55,67,69,68,71,75,76,57,50,78,37,66,63
63,64,67,72,63,58,50,72,61,60,50,75,50,80,59,64,63,70,54,51,63,69,58,54,66,52,50,57,50,47,55,41,41,53,46,57,17,73,54,27,17,32,18,15,17,13,46,49,68,75,83,68,71,74,78,66,49,67,53,79,88,84,70,65,51,65,46,21,32,37,77,43,31,21,30,37,39,31,19,45,77,75,70,61,71,71,72,71,64,83,55,49,86,45,69,71
64,67,64,67,57,48,56,73,60,55,38,67,48,75,60,59,59,64,40,59,63,59,50,55,63,45,50,61,45,53,49,44,33,52,44,57,16,58,50,24,19,32,30,30,19,21,45,39,63,71,71,68,72,74,82,69,45,73,47,70,79,80,77,54,41,62,41,26,44,29,68,45,26,22,26,33,41,28,23,39,64,74,61,61,63,71,67,78,71,84,56,46,83,41,64,62
67,61,69,65,64,55,48,67,57,71,52,66,65,64,54,66,57,70,48,61,62,60,55,56,57,42,58,61,43,47,48,53,46,47,44,59,19,62,53,29,25,30,28,22,25,24,50,35,64,71,81,76,65,81,84,76,49,69,51,76,84,78,64,58,44,60,51,29,33,30,69,61,34,20,26,34,47,34,20,43,77,82,63,59,71,75,74,74,76,74,73,52,85,48,64,65
62,53,67,72,60,55,55,59,63,48,46,68,61,75,58,54,56,63,49,66,62,49,50,47,69,55,60,49,56,44,52,48,35,49,52,60,13,53,57,23,17,31,26,24,21,19,40,40,66,72,74,74,71,75,77,67,51,61,47,68,83,73,64,58,52,59,41,25,45,28,73,44,20,17,23,41,38,30,27,43,67,76,73,62,67,66,70,72,74,81,59,53,86,46,60,73
69,52,72,63,63,42,54,65,57,67,51,65,53,70,53,54,62,60,50,64,62,51,56,62,71,46,52,56,44,46,41,44,34,46,47,62,19,68,50,26,24,32,17,22,16,14,48,45,65,67,78,69,73,79,80,71,52,69,55,66,79,83,68,59,54,61,46,25,34,33,65,54,25,26,26,32,36,32,24,35,73,76,70,55,70,63,64,77,80,73,56,60,80,40,55,69
64,61,75,71,63,54,57,68,65,58,49,73,54,77,58,69,62,67,47,59,61,60,60,59,62,48,55,65,54,48,41,50,39,54,49,59,9,60,52,20,17,28,26,28,13,15,51,37,65,68,74,73,74,71,77,69,44,64,53,78,75,84,66,54,46,61,43,26,34,26,69,54,27,14,28,39,42,22,29,43,66,75,66,65,67,64,75,78,64,81,54,54,84,45,60,66
71,62,76,67,61,59,54,69,63,69,48,75,51,77,54,60,61,65,51,64,61,52,62,64,68,46,43,62,46,49,48,46,38,45,45,56,20,60,54,20,19,39,30,25,27,20,42,44,57,70,83,71,72,80,83,67,52,64,54,71,79,71,68,64,52,66,45,27,40,34,69,47,30,19,22,35,44,29,31,37,76,79,68,57,71,72,70,81,73,81,60,52,79,43,62,74
56,67,75,63,68,50,57,66,60,40,50,66,56,66,59,59,59,60,56,66,59,51,54,53,61,52,53,56,49,44,53,40,33,47,41,55,14,62,43,27,24,32,26,25,19,16,48,49,62,68,77,69,68,78,81,61,45,65,51,74,82,76,63,66,47,66,50,30,46,28,70,43,32,18,26,30,42,31,28,47,72,74,66,52,67,61,62,74,73,79,64,47,81,53,60,63
66,56,70,65,57,54,48,67,58,63,45,74,52,77,67,65,59,62,46,52,56,54,42,58,64,41,57,58,48,47,43,43,36,47,40,60,13,68,55,24,13,33,31,19,28,21,47,41,67,74,75,71,70,81,71,77,60,70,59,82,81,80,62,70,46,51,47,26,36,33,69,44,37,10,20,23,40,29,24,44,66,77,68,51,67,72,73,75,74,80,60,41,82,41,70,66
60,58,67,66,55,45,55,73,61,58,46,71,68,66,57,63,61,58,51,52,55,53,54,55,58,37,56,61,51,49,51,38,27,60,41,67,12,67,49,21,14,34,26,25,19,21,43,30,59,63,78,65,72,71,81,72,36,65,55,68,87,72,67,62,58,60,44,25,40,33,67,45,23,19,29,29,44,31,23,39,64,71,62,61,66,69,66,71,66,81,58,43,82,43,59,60
70,63,68,66,58,50,49,60,62,56,45,67,61,68,65,69,56,63,43,55,62,54,58,50,65,49,49,54,49,43,50,37,30,49,56,65,15,65,56,33,19,34,26,33,25,18,37,34,60,69,71,63,67,71,75,67,40,61,53,69,83,79,72,66,55,52,47,31,40,33,64,44,26,20,22,24,44,27,27,36,70,75,67,52,60,66,65,67,73,78,58,48,80,41,62,64
67,63,75,69,49,50,61,72,64,59,39,66,52,83,62,63,52,62,54,53,59,54,51,56,59,40,53,65,42,54,44,39,35,48,58,68,13,67,54,23,18,28,18,16,16,22,44,36,67,71,84,67,67,73,78,71,53,62,53,73,79,74,67,57,55,59,41,29,26,29,70,49,33,18,22,33,34,34,19,39,67,79,72,59,68,67,71,78,72,75,62,47,85,39,59,63
58,54,68,64,67,45,45,70,61,63,38,76,68,69,47,68,69,69,56,65,64,62,56,60,69,52,52,60,44,49,41,56,34,58,51,72,15,68,53,17,25,37,19,32,21,23,52,42,66,75,83,75,69,78,81,60,53,64,60,77,83,72,65,60,62,58,43,37,29,29,74,51,27,21,23,33,35,31,36,53,70,82,71,65,66,69,73,76,75,85,64,48,77,47,63,69
72,63,75,71,68,57,52,67,56,61,47,70,62,70,48,62,56,67,50,61,64,54,56,65,56,55,47,60,48,58,52,48,38,45,47,60,18,64,53,27,29,33,24,23,21,17,41,34,62,73,76,72,72,76,78,68,58,66,46,68,81,76,62,56,57,62,48,32,44,34,75,51,35,22,28,34,44,27,29,51,77,77,75,61,70,67,73,74,68,75,60,59,80,59,60,67
68,59,73,65,69,54,60,75,65,65,45,69,56,76,59,72,60,62,51,59,71,55,49,53,70,48,58,70,50,50,51,45,35,52,47,58,15,68,49,25,21,32,18,20,18,20,49,34,66,71,78,67,80,78,83,74,50,69,57,76,80,74,68,62,51,67,42,22,41,22,66,46,25,14,30,34,39,32,25,43,76,75,67,62,68,66,69,76,76,82,63,57,88,48,63,74
61,67,63,55,59,40,56,61,54,55,49,66,51,72,54,60,63,63,46,58,65,56,55,53,67,45,43,64,39,53,38,47,34,47,38,52,18,64,47,22,26,38,18,26,23,30,45,44,63,67,79,67,66,76,70,67,54,61,57,78,80,76,66,61,57,65,38,28,45,30,66,53,33,18,30,37,43,30,26,36,67,74,71,56,62,59,71,72,70,80,57,42,85,49,62,66
57,62,68,66,62,50,48,65,57,57,58,79,55,71,47,59,61,62,37,57,59,61,54,50,60,48,47,51,46,51,46,47,41,46,55,65,10,64,49,25,15,30,25,25,18,17,53,41,58,68,75,70,70,74,76,69,47,60,41,78,84,75,71,67,59,59,47,19,43,24,62,55,21,18,30,31,32,23,22,46,66,73,59,57,59,71,65,71,75,77,55,58,84,34,64,63
58,54,68,64,62,46,47,59,53,55,43,77,59,64,57,59,64,55,46,59,56,55,51,50,59,43,51,57,45,41,46,38,41,50,47,67,11,51,45,26,22,29,24,28,19,19,43,38,61,70,73,71,68,73,75,66,46,65,53,73,76,73,55,61,47,60,48,24,40,28,65,59,34,17,21,30,49,21,30,41,65,76,63,50,66,59,67,73,77,80,57,46,80,31,64,58
66,66,63,59,64,56,47,66,60,56,57,60,52,70,54,64,64,50,50,47,54,57,46,53,64,38,48,53,45,51,39,45,45,38,53,62,18,66,51,30,18,35,26,27,22,20,44,39,61,63,76,63,65,73,78,58,43,69,53,72,76,74,67,50,49,56,43,26,29,38,63,50,28,21,26,30,47,23,22,37,66,68,64,53,66,70,61,71,75,66,58,47,77,36,58,66
71,70,74,76,63,55,56,72,66,64,53,75,54,71,59,65,62,65,56,70,68,61,62,63,71,50,59,69,51,55,43,58,40,51,43,58,22,67,61,27,21,37,23,28,25,21,50,47,61,75,89,75,81,82,78,72,54,63,54,80,70,77,68,61,60,70,49,26,26,39,77,52,39,22,33,34,41,34,29,49,79,77,69,70,77,76,76,80,67,81,59,60,86,54,66,67
62,56,66,52,55,51,56,72,57,60,47,61,47,71,57,64,59,66,47,58,55,59,50,47,58,39,52,51,50,39,44,42,40,45,54,64,25,61,51,27,16,40,31,23,24,21,48,35,60,69,74,69,70,77,83,71,42,69,48,76,78,81,67,55,47,55,44,28,31,23,63,44,30,13,21,29,43,26,24,46,64,69,63,58,66,65,72,75,74,80,69,51,86,46,61,66
49,60,76,62,58,55,57,67,53,60,49,77,60,81,56,70,57,55,46,55,59,52,47,54,54,38,48,55,49,44,48,51,33,44,41,55,18,60,51,26,15,36,27,20,22,21,46,41,59,67,76,58,68,76,82,57,43,61,57,73,86,87,68,56,43,48,42,31,33,27,66,52,30,22,15,31,40,26,23,35,62,72,60,54,56,61,70,79,72,76,56,52,78,33,65,55
73,61,70,66,68,57,60,72,66,59,53,61,57,69,60,64,61,70,50,65,62,54,43,57,72,49,52,60,47,48,58,35,31,51,35,58,24,63,51,23,26,33,18,25,33,24,48,47,60,78,78,69,66,75,77,68,60,72,58,77,68,84,64,69,58,63,47,29,38,42,71,49,39,17,23,38,42,27,33,45,70,78,70,55,67,77,64,75,74,79,61,54,75,36,70,67
65,57,71,62,59,55,57,70,58,69,51,67,64,70,42,59,55,64,48,57,62,55,46,51,62,46,49,53,42,50,54,52,38,47,53,58,15,58,50,23,17,26,25,28,25,18,50,48,62,72,76,66,68,75,71,65,48,68,53,75,86,81,72,62,53,58,45,31,43,28,65,49,26,22,23,38,44,24,29,39,64,76,67,59,71,65,69,69,75,80,57,47,86,43,67,65
70,57,71,66,64,62,57,73,63,57,50,62,55,71,55,68,58,71,51,63,62,63,54,60,58,46,51,52,45,39,52,47,31,50,43,70,21,71,54,23,15,27,21,19,14,16,44,46,59,74,84,74,71,82,75,76,44,62,54,74,85,73,74,66,50,62,39,35,38,21,77,51,29,18,24,28,42,33,25,36,73,80,73,61,66,69,70,74,76,80,62,52,86,44,66,68
56,55,71,64,58,59,58,68,55,60,53,59,51,77,57,64,51,52,38,54,55,59,45,44,54,36,45,58,34,52,44,49,44,46,45,58,21,71,53,22,12,28,22,29,22,25,46,42,52,66,75,61,71,69,76,63,41,66,59,74,89,66,65,60,51,53,43,39,31,28,69,51,30,19,20,29,42,19,27,40,66,73,60,55,54,70,67,76,78,77,55,54,80,39,56,60
67,58,73,66,63,57,58,61,62,54,56,75,56,75,58,58,61,65,43,62,63,51,51,58,65,43,58,57,48,51,46,46,34,45,38,60,15,54,41,21,15,25,24,20,23,13,41,38,69,76,75,72,72,75,78,73,44,66,49,73,80,80,75,62,59,58,47,28,40,35,69,44,33,13,29,37,40,24,25,36,70,74,66,47,73,70,69,74,72,74,61,54,83,37,77,69
61,58,64,61,57,56,48,60,59,61,49,79,52,73,55,62,49,63,48,58,51,52,46,53,64,38,51,58,40,47,47,45,33,44,53,62,9,52,45,20,20,33,31,25,12,25,51,48,55,63,70,67,65,71,75,66,46,61,53,67,86,78,66,64,51,59,38,30,39,31,73,47,28,14,18,27,39,31,29,35,60,67,61,47,64,63,64,66,78,83,59,48,84,39,58,63
67,64,74,71,53,51,62,78,52,66,43,74,58,82,52,68,62,59,42,49,63,53,49,51,59,42,49,65,47,47,46,51,32,49,44,63,16,64,47,20,16,30,23,20,21,17,50,35,62,71,83,77,72,77,83,74,46,66,52,87,87,84,71,69,51,56,44,27,33,32,70,51,31,17,18,27,34,33,20,39,79,79,65,52,60,58,77,78,74,83,63,47,93,40,68,67
70,62,68,57,56,51,50,67,61,58,51,75,54,72,53,63,62,67,51,60,68,61,58,56,76,50,54,62,57,51,48,42,40,50,51,63,15,60,53,26,12,32,31,29,31,16,44,44,58,72,78,75,71,76,74,66,51,71,45,74,79,77,64,64,56,61,48,34,41,34,74,56,39,25,28,43,38,29,21,48,77,77,72,64,65,73,70,78,65,85,60,51,80,41,69,67
62,61,71,59,58,64,48,65,62,55,57,67,56,71,58,65,51,66,43,59,63,56,55,51,64,41,47,61,55,47,46,44,40,49,54,65,11,72,43,23,19,35,33,30,28,26,47,44,59,71,73,69,60,71,68,75,46,62,45,71,79,73,62,60,48,60,41,27,38,28,59,40,26,26,21,29,39,30,34,53,70,71,61,59,67,63,68,71,69,81,58,45,75,47,63,63
63,53,65,62,62,60,43,67,55,56,55,74,60,74,53,70,50,63,46,63,67,64,53,59,71,51,58,51,43,53,41,48,38,47,49,61,14,65,46,23,21,30,23,31,20,18,54,46,63,67,83,74,70,80,80,72,50,64,54,77,75,77,75,64,53,67,46,19,41,32,74,46,28,19,35,33,34,25,20,41,72,76,61,59,72,68,70,79,66,74,69,54,83,45,62,66
73,67,73,71,65,56,55,78,66,68,58,71,49,82,55,67,71,71,45,71,72,63,63,57,77,50,66,63,54,55,58,47,32,48,47,66,20,73,49,19,14,27,15,20,22,13,48,48,68,84,83,76,72,80,82,78,49,77,44,75,74,77,75,64,53,66,52,31,42,22,69,48,26,22,22,38,32,29,25,49,74,88,66,63,70,69,80,78,72,79,63,55,83,47,65,78
61,61,71,63,50,48,45,67,55,65,49,72,53,71,55,62,54,61,46,54,54,47,55,59,58,44,57,56,45,53,44,45,36,51,52,60,13,69,45,25,19,36,27,34,27,18,44,43,58,71,77,58,71,73,77,66,43,59,59,78,85,77,63,63,58,49,51,36,40,31,68,52,27,13,20,32,47,30,29,37,67,74,64,55,67,64,59,71,80,75,61,52,86,38,69,65
67,59,71,67,64,59,61,68,58,61,54,69,61,71,53,62,64,65,52,68,62,55,62,58,65,54,57,52,50,53,51,49,35,49,42,67,17,69,40,33,25,29,30,27,21,19,47,42,62,67,81,71,69,73,82,71,48,62,50,74,75,78,63,63,53,67,39,29,41,24,80,33,36,18,25,31,41,23,34,43,70,77,71,60,74,66,74,79,67,75,59,44,75,38,54,74
65,54,69,74,69,56,53,65,56,60,49,70,55,78,69,63,57,69,49,63,63,59,56,58,64,53,50,59,53,48,53,53,33,36,38,57,17,66,45,25,17,27,29,28,22,21,51,40,64,75,79,69,66,73,76,72,37,64,49,72,84,75,69,58,59,61,38,28,28,34,65,47,32,14,25,36,41,36,20,36,75,74,69,57,72,63,62,75,74,76,53,56,83,56,57,65
63,62,73,64,61,57,57,62,55,63,47,70,54,69,51,64,64,64,49,61,60,67,55,56,61,43,46,57,41,55,45,29,34,50,39,62,20,65,52,20,13,34,21,19,18,13,40,34,55,76,78,74,68,81,77,69,46,64,48,71,85,80,73,55,47,61,41,31,33,30,64,57,26,13,26,26,47,19,18,28,69,79,63,58,60,64,67,70,72,78,58,52,86,41,59,66
53,61,67,68,59,54,53,61,52,62,50,71,49,72,59,64,57,62,36,57,55,54,39,58,55,43,49,50,54,49,49,45,36,60,47,62,13,62,55,25,15,31,25,19,23,11,34,45,60,68,77,64,67,71,75,64,48,65,45,75,72,83,71,69,50,59,51,35,32,25,66,48,32,16,29,29,40,27,22,41,67,69,58,52,70,59,59,76,71,74,61,56,82,38,66,65
64,65,73,63,67,47,61,71,60,65,48,78,59,70,57,57,61,66,53,63,57,60,55,55,65,46,37,58,40,34,54,46,32,57,39,65,14,50,53,20,13,29,17,24,22,20,54,41,58,70,76,70,67,73,78,71,49,69,51,75,86,81,71,53,54,56,45,26,31,24,70,51,26,17,25,37,42,29,22,36,73,76,63,58,71,70,76,74,80,78,57,47,80,36,60,63
65,55,64,61,50,42,52,57,55,63,45,73,55,66,52,61,64,64,47,61,63,48,53,48,64,43,51,51,48,45,57,41,37,49,41,62,22,61,59,22,19,28,23,20,20,20,45,34,58,70,66,68,65,70,85,58,43,63,54,69,79,77,72,58,48,56,43,26,38,25,69,49,20,20,30,27,38,30,19,45,67,71,66,57,66,67,66,77,80,81,62,55,79,50,62,65
68,65,78,69,67,60,48,70,64,62,54,71,50,72,57,64,65,65,55,69,64,56,49,63,67,48,54,64,57,46,50,40,35,46,41,71,15,69,42,20,20,28,26,26,9,9,34,33,65,72,81,76,78,82,84,72,50,75,62,81,83,76,73,68,53,59,42,23,35,33,77,49,24,20,20,24,41,26,23,36,75,82,71,66,70,67,74,84,77,80,60,58,89,45,65,75
60,76,70,72,69,57,50,71,65,67,43,78,52,73,54,62,66,63,34,58,62,59,58,55,63,57,57,59,45,57,57,44,38,50,48,69,9,68,60,18,16,36,23,21,24,21,48,35,65,70,77,67,69,76,81,74,45,73,51,80,85,80,74,52,60,66,54,33,41,25,66,49,29,18,23,29,43,22,26,47,67,78,67,54,66,72,78,75,76,85,63,60,89,40,70,66
87,69,70,78,83,58,63,59,75,69,52,63,58,61,55,58,59,56,32,44,54,51,47,52,66,51,54,42,58,55,46,46,24,19,26,28,9,40,29,15,14,27,26,22,29,27,50,40,81,85,89,82,88,89,86,81,65,70,68,66,68,68,61,64,34,30,28,21,15,28,52,23,37,32,34,48,39,37,36,46,91,92,81,67,93,81,87,93,69,69,59,61,90,54,60,84
77,55,76,71,80,61,46,69,79,71,62,67,55,64,61,64,57,48,46,58,49,55,45,52,69,49,47,55,68,43,47,49,22,28,33,34,13,57,43,17,15,25,21,25,27,13,54,41,83,85,85,84,83,91,89,78,50,70,65,71,66,60,63,66,36,49,26,30,22,35,53,35,39,21,31,35,43,43,41,45,83,92,77,67,88,84,87,93,70,75,64,56,84,48,54,90
81,76,74,79,80,64,64,69,75,83,54,64,61,72,54,60,65,58,43,45,46,50,54,50,59,58,54,55,61,53,50,45,21,18,24,40,9,33,30,15,13,17,25,19,18,14,44,37,82,89,85,85,89,91,89,88,70,81,65,61,71,59,72,67,29,42,27,19,21,23,55,23,44,33,36,48,44,43,39,52,89,90,83,79,90,86,86,96,71,78,64,66,89,57,65,84
81,66,67,86,71,53,55,75,79,81,54,72,58,65,54,63,59,52,40,55,49,47,46,51,61,43,59,48,61,53,53,55,25,25,31,33,8,47,34,14,10,16,22,19,15,22,45,41,77,92,91,82,81,89,92,80,64,80,63,64,71,76,65,66,26,40,28,29,21,21,48,28,29,28,36,42,38,48,37,55,94,91,83,76,91,87,91,92,76,71,60,57,88,57,62,86
79,62,71,77,79,57,48,64,76,77,50,61,51,62,62,69,62,52,46,48,49,47,41,53,63,56,52,50,53,53,47,58,17,20,22,29,11,45,35,15,12,16,27,24,22,26,51,45,84,87,87,86,84,89,89,83,65,76,70,62,73,73,55,68,25,39,27,25,25,19,58,25,46,32,40,44,41,54,45,52,92,89,81,77,84,84,88,92,65,73,63,55,87,47,59,84
74,65,72,81,75,62,48,67,70,79,48,66,57,62,52,53,55,42,43,47,44,46,36,40,57,53,56,39,58,49,45,52,20,20,21,26,10,44,31,18,13,20,25,21,19,15,56,50,81,83,83,89,84,94,89,80,73,81,73,73,80,73,62,64,27,34,23,21,16,23,45,20,44,24,34,48,34,40,41,52,86,89,81,73,85,76,86,87,65,77,63,59,89,51,66,82
75,58,65,73,74,59,61,68,79,74,57,71,60,71,56,63,61,48,40,49,37,42,41,42,59,45,50,45,58,49,54,45,17,12,14,31,15,37,27,13,10,22,21,16,20,22,45,52,84,88,92,87,88,90,91,95,57,83,66,70,73,65,62,76,20,35,16,26,18,25,45,13,38,29,28,43,42,40,33,45,88,93,79,70,88,81,88,92,71,77,55,53,92,59,60,85
73,69,66,76,75,57,57,69,74,67,55,70,55,66,56,55,57,50,49,52,45,50,40,55,64,50,62,48,54,54,57,50,24,23,30,29,11,42,33,15,19,23,26,29,23,33,50,38,79,86,86,81,88,89,84,77,61,76,64,62,63,62,55,66,30,43,26,29,22,34,47,27,35,30,43,42,44,46,43,55,81,92,76,75,84,83,83,90,65,69,55,60,93,57,58,81
78,69,73,73,73,60,57,65,74,70,55,57,56,61,58,61,55,57,51,52,53,50,45,45,59,52,57,60,62,58,54,44,28,29,27,31,12,48,31,22,13,26,17,20,25,19,52,40,78,83,88,83,87,91,90,83,65,74,70,65,72,69,57,68,33,48,27,30,24,20,52,28,26,30,45,41,47,36,39,48,90,88,77,75,88,87,87,91,68,84,64,59,87,59,60,82
73,64,68,75,74,68,52,65,70,79,50,65,61,64,54,61,62,53,35,47,59,50,43,45,63,52,58,44,58,50,54,52,28,25,22,31,17,44,28,16,18,25,26,22,23,22,50,41,73,86,84,75,85,90,86,83,57,75,63,71,70,61,59,70,31,42,27,32,23,25,51,30,42,28,29,41,47,43,47,52,82,86,83,79,82,80,86,88,72,69,57,55,81,63,53,81
78,64,75,74,75,61,59,68,73,82,45,64,55,65,55,65,50,53,47,57,51,53,47,49,67,49,44,51,52,50,58,52,21,28,27,34,19,47,39,17,22,21,25,20,28,25,52,44,81,87,85,82,87,91,88,84,59,85,58,71,77,69,51,62,34,39,26,26,21,30,58,24,40,30,35,45,47,34,38,43,82,93,79,72,84,79,87,95,68,77,60,55,83,52,58,87
78,69,76,80,80,63,57,71,81,79,48,59,55,63,51,60,56,55,41,55,55,51,46,55,61,54,51,59,65,57,56,55,25,22,27,30,13,33,31,15,17,24,22,27,17,20,50,42,82,84,89,84,84,89,87,82,70,74,62,55,63,65,51,63,29,40,28,27,20,19,52,16,34,32,40,46,42,47,48,46,91,94,80,73,86,84,89,93,63,76,68,61,89,59,57,85
80,57,63,79,80,55,55,54,69,68,52,55,54,65,55,53,51,59,46,55,53,54,42,53,70,58,47,50,47,50,52,47,23,22,25,28,13,47,41,17,24,20,29,24,20,22,45,39,80,87,86,82,84,91,85,82,62,75,60,60,65,61,66,60,29,47,29,28,22,31,45,23,42,22,37,44,40,39,49,43,90,94,80,72,84,83,85,92,63,64,61,52,80,51,57,83
78,71,69,82,82,63,60,69,76,80,53,66,57,69,56,65,67,48,46,54,52,50,49,50,65,60,62,60,58,47,49,53,19,25,15,26,12,40,32,15,15,20,22,19,13,19,47,38,82,93,92,86,79,94,92,85,59,84,73,59,79,62,52,62,23,33,27,20,24,32,47,21,33,26,29,39,42,40,46,56,91,94,85,71,93,86,88,93,73,70,57,61,91,58,61,89
80,68,71,81,84,65,65,65,79,76,56,58,59,75,72,69,63,58,45,55,52,44,46,49,65,64,53,55,60,45,59,44,25,25,22,34,12,46,40,16,20,22,39,28,24,20,45,42,76,84,89,87,80,91,89,77,64,76,69,62,64,65,58,70,28,41,32,26,18,28,47,35,45,35,38,42,43,40,42,56,91,94,76,75,89,86,92,96,62,72,74,65,83,62,63,88
72,56,75,74,88,51,56,61,80,74,43,53,59,66,61,69,61,63,45,58,54,52,55,54,61,55,61,56,54,54,62,63,23,29,26,31,15,47,31,22,19,15,26,23,20,21,44,46,77,90,91,84,81,92,89,83,58,70,70,67,72,70,51,71,28,49,29,22,28,33,50,28,33,34,36,47,40,51,49,51,89,92,83,81,93,82,90,96,65,68,65,61,86,50,57,90
82,67,75,83,85,62,63,75,79,72,49,56,43,72,65,61,56,55,40,49,48,51,47,50,58,52,55,50,60,46,49,49,14,23,18,25,10,36,26,16,17,22,17,18,20,18,52,52,86,89,89,90,90,90,90,89,67,79,66,73,57,65,63,74,21,39,17,24,23,28,47,25,40,32,29,46,37,45,45,47,88,94,81,85,86,88,90,94,71,76,66,62,88,55,64,90
76,70,64,83,79,61,64,69,73,80,59,72,62,63,61,65,51,61,43,46,55,61,43,50,67,49,51,59,60,58,58,60,21,26,21,32,10,46,32,20,15,17,21,20,25,16,50,49,84,88,89,84,89,94,93,81,61,78,72,67,73,65,60,67,34,37,27,23,22,29,54,24,31,27,29,41,43,43,41,56,93,92,87,71,92,87,92,95,62,73,68,63,89,48,58,89
81,58,71,79,70,68,47,69,77,79,45,61,58,63,59,64,49,58,45,57,55,38,46,52,65,57,59,55,59,55,58,52,21,25,23,40,18,46,35,16,12,24,29,26,28,21,50,40,76,90,88,88,87,90,89,87,51,75,73,60,64,62,54,60,26,43,33,26,27,26,56,24,46,34,37,41,44,40,39,52,90,93,78,71,85,77,83,97,57,68,57,56,82,65,61,89
74,67,73,73,78,57,55,65,82,77,50,66,52,68,57,59,62,70,51,62,55,54,52,49,63,58,58,57,65,57,62,47,27,20,25,38,17,38,32,13,25,24,24,28,20,27,45,45,80,94,90,81,88,94,90,87,66,76,66,62,67,74,53,66,27,42,20,23,24,22,52,29,37,30,44,39,37,51,48,54,91,91,87,84,92,84,93,95,59,73,58,58,91,58,55,91
80,76,73,77,77,59,68,60,74,82,58,61,56,67,54,64,54,60,35,45,49,56,48,47,59,51,60,57,62,52,60,51,21,25,25,31,14,36,27,22,16,29,20,26,27,25,39,46,78,87,90,85,81,91,85,87,64,76,70,67,71,66,48,68,33,38,28,25,25,22,51,35,38,32,39,46,44,45,41,47,88,90,83,79,89,83,89,92,69,73,65,58,90,57,59,85
77,62,68,78,79,65,60,70,80,77,55,61,54,79,58,58,54,45,47,44,55,44,37,42,63,46,53,54,53,47,50,52,13,19,19,32,13,34,26,13,16,21,22,13,31,19,42,45,81,92,90,82,85,86,89,87,57,85,72,69,74,74,61,70,20,33,21,25,22,21,49,20,40,31,32,44,37,46,36,47,94,95,74,75,83,76,87,92,68,74,64,61,90,62,56,83
73,64,79,78,77,60,53,70,78,72,47,69,57,73,62,64,54,50,52,56,55,51,43,56,59,56,54,50,56,53,58,60,27,20,25,38,13,41,42,19,15,21,19,22,29,22,46,45,85,86,88,85,76,86,89,87,65,80,71,65,73,68,58,72,30,40,30,23,25,18,52,24,48,31,34,40,43,41,46,52,85,95,77,76,90,85,90,90,69,76,63,66,91,53,63,85
84,70,74,75,76,62,71,75,75,79,54,61,56,71,67,72,50,55,51,50,41,44,32,41,68,51,50,61,58,44,60,46,19,19,25,29,8,37,19,14,13,17,14,20,24,20,43,40,79,94,93,89,82,92,87,91,67,80,71,60,69,74,66,75,30,32,25,21,20,20,41,22,40,29,28,45,41,45,37,51,90,96,79,75,93,85,89,94,70,76,57,52,91,56,58,85
74,56,62,71,83,62,51,68,70,72,55,65,55,65,63,56,57,52,42,47,41,53,53,50,61,48,53,58,60,43,50,46,22,23,25,32,12,43,32,17,13,18,31,23,23,28,55,44,77,84,89,84,84,87,87,79,59,75,64,67,73,69,63,64,22,39,21,21,19,24,52,29,33,34,37,36,37,42,44,51,90,89,83,79,89,80,93,93,75,79,62,51,84,55,60,83
82,65,71,85,81,56,59,69,85,80,54,69,57,67,51,62,58,55,45,56,61,44,39,53,71,51,55,51,58,55,59,43,23,22,22,33,13,43,33,15,16,21,17,17,24,21,50,44,78,95,89,86,88,92,83,86,65,80,71,68,62,62,59,66,31,43,29,26,25,32,59,23,40,31,27,47,34,43,37,49,86,89,85,82,94,86,91,94,67,76,65,58,85,65,59,85
74,68,68,74,74,63,58,53,73,76,59,60,56,70,58,65,50,55,48,47,57,49,41,47,60,45,44,57,52,52,53,45,25,28,27,38,7,45,40,13,14,27,22,23,23,24,47,37,82,85,84,83,84,92,87,80,54,75,71,69,78,62,70,70,38,45,27,31,31,22,50,35,43,27,30,41,36,46,44,57,90,89,74,71,88,84,88,94,74,80,58,55,88,47,64,81
75,62,68,78,82,63,54,72,77,72,49,62,61,63,51,61,65,51,47,59,51,52,52,49,64,58,44,49,52,53,54,53,21,20,24,32,14,41,39,22,14,17,18,17,22,15,44,44,78,89,87,79,81,90,87,87,63,79,65,68,74,68,65,69,34,41,24,27,20,27,49,22,43,29,31,36,45,42,39,43,88,90,85,74,84,86,85,94,60,75,51,62,85,58,57,84
82,66,72,67,66,59,60,67,69,77,49,63,52,67,56,57,62,55,51,48,54,48,47,48,62,58,42,58,53,59,58,49,26,27,23,39,12,43,39,14,10,31,19,24,23,19,48,38,81,92,87,83,83,87,89,83,60,80,62,64,71,71,62,67,33,37,29,28,19,24,62,26,36,24,34,42,40,38,42,51,94,87,84,83,88,85,89,97,65,83,66,62,89,50,68,78
75,68,73,77,77,59,58,63,70,81,52,59,54,71,61,58,56,57,46,45,39,48,44,44,57,57,54,54,62,48,57,50,15,18,24,28,14,34,28,14,10,18,27,17,24,20,41,43,85,92,89,83,86,90,92,87,68,80,72,72,70,65,57,71,29,37,20,27,18,31,41,16,36,35,36,42,41,43,45,48,94,93,78,79,85,86,86,91,65,67,60,53,89,62,70,81
81,68,82,74,80,68,54,71,73,71,57,63,60,67,54,65,57,53,37,54,49,52,46,51,63,51,53,50,61,55,65,47,22,23,22,27,12,41,33,15,20,22,24,21,24,33,45,52,80,86,84,86,83,92,87,83,66,77,64,69,66,70,52,77,26,47,25,38,25,31,52,24,38,29,37,45,39,39,46,45,81,91,79,76,87,82,84,94,67,74,64,55,88,62,52,88
86,70,77,79,87,61,62,70,78,72,49,59,60,64,57,66,58,50,37,50,41,44,41,50,51,53,47,45,54,49,56,47,14,18,18,22,7,35,24,13,16,19,21,9,18,22,55,47,85,88,92,91,84,92,92,81,65,80,65,66,65,73,65,77,19,32,14,21,19,20,43,17,38,24,33,51,43,38,37,36,89,92,82,76,96,79,94,93,65,72,67,59,89,61,53,85
82,68,68,74,79,62,55,63,72,82,56,63,59,68,55,63,60,52,49,48,60,46,43,42,63,57,51,59,67,48,58,53,25,24,22,31,15,40,31,11,14,25,21,20,26,26,58,46,85,89,84,81,88,89,90,82,64,73,65,68,72,70,71,70,30,32,24,22,25,32,47,25,35,33,29,47,43,46,39,44,87,95,85,78,90,79,89,93,75,78,62,62,88,55,63,89
80,64,70,84,79,59,61,66,76,72,51,66,54,69,56,63,61,61,62,55,45,53,43,52,63,57,54,50,63,58,58,54,24,19,24,28,14,50,31,20,16,18,20,18,28,27,47,40,86,91,89,83,90,92,95,83,65,77,67,54,67,67,52,64,32,47,27,25,33,29,53,22,45,33,39,54,33,42,46,55,90,94,86,86,88,85,89,89,69,67,63,65,87,66,57,85
72,59,66,75,76,62,62,67,75,72,48,62,61,75,52,62,50,57,44,52,50,46,57,56,65,54,62,57,51,55,59,53,27,28,23,31,9,44,37,21,15,22,21,23,12,15,51,37,81,89,83,81,80,87,88,74,61,80,66,58,79,66,59,70,27,42,26,26,29,25,51,30,35,28,38,38,49,52,47,48,88,87,78,64,85,83,92,93,72,74,68,54,92,54,69,81
81,64,79,76,76,66,42,64,76,72,42,53,52,66,57,68,54,52,42,48,41,46,39,47,63,47,50,70,53,61,53,42,29,23,25,31,9,37,35,18,11,22,19,22,22,20,47,44,83,86,88,81,86,90,86,88,64,72,69,60,67,68,48,69,38,40,32,24,25,20,43,26,46,31,41,37,40,46,41,57,93,88,81,74,82,81,87,89,72,71,68,64,91,63,63,86
82,76,68,82,84,64,55,67,79,76,49,57,53,66,58,70,63,50,45,46,51,55,41,52,64,52,56,47,49,48,50,45,20,19,19,24,9,42,36,17,14,21,28,25,20,16,47,37,84,89,92,87,83,89,93,87,70,79,63,63,75,65,58,68,31,38,30,17,17,28,50,22,33,28,34,45,43,39,39,43,88,89,85,75,94,85,85,91,65,71,63,60,86,57,58,93
80,72,70,79,76,62,56,63,79,67,58,66,55,66,53,55,46,53,48,50,53,52,53,45,64,60,55,55,58,51,67,40,17,25,21,28,18,40,32,15,18,26,23,23,24,24,50,51,84,91,96,85,86,87,86,81,56,81,68,65,69,62,59,66,30,41,23,19,18,32,50,25,41,31,36,40,46,42,40,53,92,92,77,70,85,84,86,94,70,66,63,68,89,54,56,81
78,65,70,72,81,61,63,64,71,74,48,69,59,68,50,67,51,55,39,42,55,40,36,42,53,56,47,58,65,41,55,47,23,20,22,34,14,46,37,18,18,18,27,26,23,20,52,48,81,87,83,86,84,92,88,84,65,79,66,58,67,69,52,67,23,42,23,26,21,21,46,26,35,28,40,49,35,46,43,44,85,89,79,72,90,85,89,92,65,74,60,56,86,61,62,86
75,70,71,81,74,56,57,59,74,80,62,59,53,73,64,60,62,54,41,50,40,53,39,45,59,48,47,49,45,55,56,45,29,21,19,21,9,36,36,18,11,29,21,23,26,23,42,48,82,89,91,86,86,90,89,83,65,85,69,68,71,69,61,68,30,38,20,25,15,24,48,28,36,27,33,41,45,46,35,50,87,90,77,71,88,80,88,89,70,73,60,54,92,48,63,83
83,70,67,76,84,60,54,62,77,78,58,57,64,69,66,59,56,56,40,47,48,54,44,48,66,55,57,58,66,49,60,58,16,18,16,31,8,45,32,13,11,19,20,18,17,11,55,37,81,90,86,86,81,89,88,86,63,79,72,63,75,72,62,71,31,36,20,21,23,33,50,26,37,27,31,40,45,41,43,51,88,89,88,79,88,83,88,96,71,73,71,55,90,58,62,82
78,70,77,82,86,61,55,61,78,78,48,73,62,72,63,65,53,55,52,51,53,49,47,48,63,56,59,52,60,51,56,49,18,20,20,25,12,38,37,16,11,19,15,20,20,17,42,44,78,90,91,89,89,93,93,83,62,75,66,79,66,72,66,64,30,43,26,20,25,29,55,19,38,27,35,37,40,46,44,46,93,94,81,73,88,84,90,96,73,78,51,64,86,60,66,87
76,67,69,75,74,54,55,60,68,71,52,61,49,65,52,65,57,57,53,58,58,59,53,47,63,61,52,54,53,36,55,43,21,26,28,29,10,43,26,19,11,16,22,32,18,20,57,38,70,83,85,87,80,92,92,79,46,68,71,63,67,63,69,65,32,44,28,18,24,25,46,31,44,32,42,40,49,48,40,51,90,94,81,76,83,81,93,89,70,79,60,49,93,56,58,84
80,72,72,79,84,61,61,74,82,91,57,59,50,65,52,61,53,50,48,52,56,53,44,52,63,50,49,44,62,53,53,46,11,18,16,28,9,52,34,11,11,26,12,13,16,12,50,41,84,90,92,88,88,94,88,78,65,80,66,68,65,71,66,77,26,46,24,18,20,21,46,22,27,22,29,36,46,39,35,62,88,95,87,79,89,79,91,96,70,72,60,57,88,56,65,89
72,58,68,74,79,55,53,67,71,72,45,54,54,74,53,62,58,48,48,48,48,54,53,52,63,57,47,56,59,56,58,50,22,23,20,33,11,48,39,19,17,27,20,18,24,25,45,40,81,82,80,80,78,87,86,79,66,69,67,57,72,68,64,65,29,49,30,24,21,32,54,26,38,30,39,40,44,47,51,48,90,90,74,83,85,88,89,87,67,81,60,58,83,58,58,80
72,69,73,71,77,57,54,64,76,73,46,63,54,71,59,66,49,58,46,52,49,49,49,52,60,52,56,52,59,48,56,50,25,21,27,34,14,48,30,25,16,24,24,18,19,17,37,42,84,86,93,81,85,92,91,81,66,82,70,65,70,67,54,65,29,45,25,23,23,27,51,24,38,39,28,43,39,49,50,48,92,91,81,75,90,86,90,93,68,74,66,61,81,53,58,85
77,70,70,84,77,59,60,69,74,79,50,57,48,67,61,62,55,53,46,58,46,50,43,47,62,51,42,56,55,53,51,47,19,22,19,30,12,41,41,15,14,18,19,18,22,15,46,44,82,91,92,86,86,91,90,87,61,78,69,65,76,70,58,63,30,33,32,20,21,25,63,21,36,29,33,39,43,37,37,49,90,94,77,76,92,83,88,92,67,71,55,57,91,51,67,84
79,68,72,81,81,61,62,72,79,75,53,62,59,70,53,60,57,57,45,51,46,44,46,55,60,63,56,46,58,59,53,48,23,25,21,32,16,37,30,16,12,14,27,20,25,23,50,52,85,85,93,87,83,88,92,84,68,77,66,68,70,69,53,66,34,39,24,28,22,28,56,21,38,37,37,51,46,53,48,51,92,89,78,77,83,83,88,92,70,66,65,67,85,49,64,87
80,72,78,78,73,54,60,69,79,73,54,64,42,73,62,64,57,57,49,55,45,41,47,52,68,52,56,43,72,58,54,44,25,27,17,38,16,53,40,15,14,18,21,19,24,22,49,42,83,91,94,82,85,92,91,77,62,78,66,69,66,62,58,62,29,42,27,23,24,34,55,29,42,25,34,48,38,36,33,52,90,93,81,76,89,81,88,94,72,75,58,63,88,59,63,84
79,66,77,74,74,66,61,79,80,73,52,61,47,71,51,68,58,54,45,51,49,50,53,55,65,50,51,45,57,56,57,51,20,19,24,29,16,43,39,15,16,21,25,25,21,25,47,45,82,89,95,88,88,87,91,82,61,80,69,68,76,56,59,67,30,36,27,30,24,25,50,29,40,30,35,44,45,42,37,53,94,92,85,78,88,87,83,95,63,73,59,55,81,54,49,80
75,67,82,76,75,58,53,68,76,74,56,70,51,65,54,73,55,59,44,48,48,50,36,42,66,49,51,57,59,46,57,50,21,22,22,31,10,45,32,15,26,25,25,27,24,23,53,41,75,81,84,80,78,89,86,81,62,79,69,70,72,61,57,75,24,38,24,22,23,19,47,29,41,29,27,34,36,32,45,58,94,87,83,77,86,80,88,96,66,80,60,53,84,56,55,83
81,69,72,80,81,63,63,70,79,79,61,62,54,66,60,61,50,55,46,53,45,53,38,49,59,47,53,49,55,50,59,51,26,15,11,29,11,32,28,18,10,27,17,20,18,21,50,38,83,95,86,87,89,90,90,84,68,85,71,68,71,74,62,69,23,37,23,23,19,22,51,20,33,20,37,39,44,40,33,48,85,91,77,70,92,85,90,95,69,76,69,60,92,56,51,85
82,57,61,84,83,63,62,71,77,80,48,55,56,67,56,61,51,52,44,48,51,47,46,44,65,52,52,50,44,45,50,52,21,23,30,31,9,48,30,11,11,30,18,25,18,21,48,55,81,88,90,89,85,96,91,86,69,82,70,70,67,71,62,69,27,36,27,18,27,28,48,24,43,38,28,34,42,33,36,55,94,92,83,72,87,82,83,94,67,71,62,64,87,52,61,78
81,59,68,79,82,51,58,64,80,71,48,63,57,64,57,60,56,52,44,46,50,46,46,55,61,52,55,53,56,59,53,50,20,19,21,23,10,32,26,16,12,17,18,22,19,18,44,50,81,90,88,90,91,94,85,88,60,79,70,62,77,64,64,63,26,32,16,22,21,24,40,21,40,31,40,44,40,40,34,46,92,94,88,75,93,85,93,95,69,67,55,43,88,56,52,87
74,61,71,74,78,64,58,60,80,71,48,59,60,70,61,70,52,59,57,45,47,61,51,48,64,58,56,54,61,53,49,54,23,22,34,43,11,39,37,18,19,24,26,26,29,31,51,50,81,86,82,81,86,88,89,82,62,73,63,71,69,65,55,65,33,43,32,24,29,39,52,31,38,37,38,45,51,51,40,49,88,90,80,77,91,77,89,90,63,73,60,51,86,62,57,81
74,71,72,76,77,69,64,70,70,74,47,55,55,71,59,61,56,56,30,51,49,47,39,41,62,55,52,60,51,52,59,48,28,25,25,30,11,37,41,18,17,24,24,29,28,22,60,42,82,89,84,82,78,90,89,78,57,76,55,68,71,69,58,61,33,38,28,22,35,27,42,27,42,32,42,45,44,43,54,47,88,90,85,79,85,84,89,98,74,66,67,74,89,58,56,81
81,71,65,80,78,61,47,66,73,75,54,64,49,69,50,68,56,59,45,52,51,54,45,49,65,52,49,56,53,49,55,51,19,19,25,31,12,40,34,15,18,26,17,23,19,20,45,49,82,93,91,86,86,89,91,81,62,81,69,71,71,71,52,67,32,34,23,25,23,29,46,29,37,28,37,38,45,40,41,44,83,97,83,74,90,86,92,98,78,73,62,58,89,63,60,93
80,67,76,74,78,67,60,71,77,72,50,52,61,73,58,67,59,53,44,54,46,47,49,46,65,58,53,48,61,50,56,49,24,22,33,32,12,46,31,7,14,19,21,19,21,27,54,47,85,83,87,83,86,91,90,83,61,81,61,64,73,74,58,66,32,40,23,21,23,24,48,22,39,19,28,45,43,32,36,53,95,96,84,73,89,83,90,93,70,80,58,61,92,52,66,90
75,70,68,85,81,70,52,70,85,72,63,65,51,71,60,62,61,63,51,49,53,49,53,51,61,60,51,57,60,54,60,43,21,23,26,36,17,39,32,12,13,22,23,16,21,19,48,43,83,90,95,85,78,93,85,85,56,82,62,64,70,63,58,69,28,48,27,23,19,27,52,23,38,29,44,42,40,44,44,47,86,98,85,79,85,82,83,93,69,75,62,57,91,63,63,85
81,68,70,78,79,55,58,67,73,75,53,56,54,68,50,57,47,48,49,46,39,48,37,35,60,40,52,46,58,50,51,54,22,19,21,23,11,41,31,17,13,11,16,19,18,15,51,40,85,88,87,87,86,89,86,87,59,84,73,68,70,73,61,64,22,29,25,25,18,20,44,24,33,30,39,40,44,46,43,57,92,89,77,75,88,82,83,92,72,80,61,61,94,57,67,89
83,69,72,79,79,59,56,67,79,80,45,63,55,70,51,64,45,46,43,38,50,55,43,45,56,48,52,55,67,56,46,49,20,17,18,29,9,41,28,11,11,21,23,20,19,18,48,36,82,93,91,88,86,90,86,85,58,80,72,73,71,60,57,78,21,31,18,20,14,24,45,19,33,36,34,38,45,38,40,47,90,90,75,77,90,84,93,98,65,74,64,52,92,59,57,85
81,69,74,74,77,60,55,61,79,72,57,58,54,66,46,51,63,52,51,58,52,54,60,51,68,58,55,57,56,53,60,45,22,25,28,33,13,46,42,13,14,27,23,27,30,23,45,49,79,83,83,85,86,89,89,85,60,76,63,59,70,71,59,62,32,45,31,30,24,34,47,23,43,30,45,39,41,44,48,51,84,87,78,81,87,80,85,88,67,71,68,58,85,52,56,85
88,58,76,78,80,66,66,69,78,75,58,62,55,65,56,70,55,57,53,62,52,52,48,59,61,48,52,55,61,44,61,52,25,21,22,37,18,43,38,19,18,25,31,18,19,16,51,47,85,90,90,84,87,89,85,85,63,81,70,68,75,65,61,68,36,47,25,22,26,32,51,19,39,24,29,36,48,44,48,60,89,91,81,76,88,88,84,93,63,70,67,60,84,62,61,81
79,68,76,83,81,72,57,69,85,71,55,55,46,70,56,69,62,54,46,52,51,42,47,58,60,47,55,55,65,57,57,48,17,18,21,33,13,38,36,22,19,28,26,17,16,16,49,42,86,94,95,91,92,96,93,83,70,82,64,59,70,76,62,63,28,42,24,20,17,25,53,22,42,26,39,49,34,38,41,57,94,97,89,79,89,86,92,96,72,75,54,53,89,68,63,88
70,72,78,75,72,60,57,64,78,70,45,62,45,67,55,61,58,56,34,50,55,47,42,42,65,59,51,51,63,52,55,62,29,29,23,32,10,38,35,15,16,18,17,20,34,22,55,46,79,80,83,82,82,91,92,81,63,74,67,64,72,66,55,65,19,33,30,18,23,27,47,25,42,28,35,41,37,50,37,39,89,93,81,78,82,82,88,91,57,74,63,59,84,64,58,80
83,70,75,80,84,68,60,68,77,76,61,60,62,67,55,65,47,50,43,50,48,54,44,52,61,51,52,48,56,47,52,50,21,12,21,29,14,34,32,20,7,26,20,17,20,14,47,42,78,91,90,84,85,94,87,82,71,74,75,68,69,67,57,73,25,33,20,27,22,21,49,19,37,30,30,38,42,35,41,39,86,97,80,77,91,84,89,95,72,83,60,59,90,57,67,91
79,74,69,77,82,56,61,59,74,78,54,63,53,65,61,67,51,55,38,53,51,47,44,56,62,54,52,49,43,45,61,57,23,17,18,30,14,43,26,9,16,18,21,19,17,15,50,41,83,87,91,83,86,93,88,84,61,78,65,64,70,66,54,69,20,47,27,26,23,22,43,21,29,34,38,43,42,43,42,56,94,90,78,82,94,85,92,93,75,74,62,64,91,57,71,88
77,71,73,81,74,61,49,69,88,74,52,62,62,72,55,65,51,53,36,53,46,45,47,50,62,50,54,49,66,49,54,45,21,24,25,25,13,44,36,17,9,18,21,24,20,16,51,45,81,87,90,83,82,90,88,78,64,74,64,65,78,70,54,62,32,35,31,24,23,26,50,29,37,19,39,39,47,44,40,52,88,95,85,83,91,84,87,88,71,70,57,68,84,52,71,91
80,73,72,87,75,64,49,74,89,78,64,61,58,72,53,62,52,44,46,53,51,44,39,51,62,49,53,55,57,58,65,54,24,19,22,28,17,36,32,21,13,18,18,25,25,22,54,45,85,88,90,85,83,92,87,81,74,80,76,70,69,64,58,65,25,39,23,19,22,22,52,24,36,31,43,37,43,39,41,54,88,93,82,84,87,82,87,91,71,75,74,57,86,54,59,86
80,63,73,74,74,55,55,67,76,69,60,62,55,69,59,67,62,51,50,56,53,52,44,47,62,57,53,54,57,47,44,49,29,29,29,38,12,54,38,24,18,27,16,22,20,18,45,46,83,83,87,81,81,89,83,79,59,73,68,64,75,67,64,74,25,44,24,25,24,19,64,28,35,34,34,36,43,43,45,56,82,91,87,68,79,78,81,94,66,79,66,62,87,60,54,80
84,70,67,74,79,58,62,65,82,77,58,63,60,69,62,63,58,53,39,43,44,39,47,52,54,48,43,52,53,40,51,48,16,18,20,29,12,43,34,13,9,20,23,19,22,13,43,39,85,89,89,88,83,90,91,83,54,84,77,68,71,82,63,76,24,34,23,17,22,16,43,23,34,23,34,35,34,36,33,48,92,92,81,76,90,83,83,93,77,81,63,58,92,60,63,87
72,59,73,71,71,61,52,70,74,78,50,62,52,67,56,61,58,46,47,48,45,52,38,53,56,55,61,53,53,51,55,52,23,23,29,41,14,52,39,23,14,24,26,27,23,19,44,44,80,87,88,79,77,89,85,74,58,85,59,66,65,59,59,71,33,49,28,28,21,33,59,24,41,31,32,39,42,38,48,47,86,89,79,65,83,79,83,91,73,77,54,58,89,57,63,82
78,64,77,81,88,70,55,68,82,74,61,66,57,75,59,67,59,47,44,60,45,61,46,50,68,55,52,53,60,45,61,46,21,15,14,29,9,43,26,12,18,22,16,21,18,18,49,38,89,91,92,89,92,91,89,88,66,81,60,68,78,67,59,70,27,42,20,24,14,24,43,23,41,27,35,47,39,46,34,48,87,92,86,74,91,92,88,94,61,68,60,51,89,56,52,90
82,68,60,82,81,68,54,70,82,71,55,60,57,68,65,69,61,64,51,62,54,54,54,51,65,59,66,55,62,41,54,47,27,23,24,36,14,42,35,17,20,23,33,23,22,15,55,45,83,86,85,82,83,92,83,86,69,80,66,66,69,66,66,69,28,44,29,24,24,25,55,23,44,33,39,33,40,49,50,50,90,96,90,81,92,88,92,94,67,74,63,59,91,58,55,86
79,70,75,79,79,71,62,74,76,79,48,70,56,66,58,64,55,59,41,55,49,46,47,50,64,58,50,45,65,52,55,48,19,25,22,29,9,37,28,22,18,23,22,26,17,19,55,42,69,82,92,83,86,88,93,80,62,72,70,69,66,72,62,71,27,31,30,15,21,26,52,23,36,29,33,38,46,41,44,57,90,93,84,77,89,82,90,95,69,76,61,58,91,66,60,83
83,71,76,79,77,65,54,67,80,72,58,59,61,66,52,63,53,54,43,53,56,56,49,58,66,56,61,57,65,49,51,59,23,25,28,32,14,40,35,15,17,23,24,25,19,28,51,48,78,84,90,77,81,86,86,82,69,74,60,63,71,68,55,77,34,42,32,31,26,29,57,28,37,25,37,35,39,38,47,53,88,92,78,66,89,84,87,90,61,72,70,60,92,60,67,92
75,61,71,76,77,56,56,60,80,75,62,61,54,66,51,67,54,58,50,53,53,43,50,52,72,61,48,57,55,45,56,51,28,27,24,28,15,44,25,17,14,23,21,22,15,17,53,43,79,80,88,81,83,91,93,86,61,77,69,65,61,67,63,66,32,42,28,24,27,26,56,28,44,36,48,37,42,41,42,57,91,92,83,79,86,80,89,95,59,70,57,59,84,62,59,84
77,64,70,79,85,58,54,71,80,71,49,68,53,64,47,67,53,50,51,48,50,53,45,42,54,51,56,48,52,45,52,50,21,21,21,31,13,27,22,16,12,25,24,27,18,22,53,42,82,91,90,87,84,93,90,83,65,80,76,71,67,66,48,67,27,33,18,23,23,29,43,23,42,33,38,44,42,41,41,48,89,92,78,72,90,82,87,92,68,72,55,61,90,58,64,82
80,60,62,83,75,66,68,67,72,70,57,64,56,73,48,74,60,54,51,59,58,53,46,46,65,49,53,50,60,49,53,54,21,26,25,30,17,52,39,21,14,22,25,19,22,18,44,44,82,87,93,78,90,90,89,83,68,80,61,70,65,60,59,59,32,50,25,30,27,33,49,28,32,41,32,47,56,45,39,55,86,88,77,76,87,77,78,91,61,65,59,61,89,64,55,85
78,67,75,76,81,59,59,62,73,72,56,62,57,74,57,66,59,44,33,45,42,52,45,50,48,49,47,45,60,51,51,57,24,21,23,27,14,45,38,10,10,28,23,20,18,23,45,43,86,83,83,85,83,88,85,82,60,74,58,65,76,67,57,70,25,40,25,20,15,21,54,23,32,21,35,54,43,32,40,39,93,89,82,75,85,80,90,93,71,68,65,58,86,59,71,77
80,64,71,84,76,61,63,71,81,71,54,66,61,75,52,69,52,50,48,60,51,54,47,49,65,53,53,59,59,50,58,60,17,16,25,34,21,40,35,17,18,24,22,23,22,19,53,34,82,86,92,85,86,90,86,82,60,81,65,73,67,70,63,66,21,40,20,29,21,23,55,31,39,24,37,44,35,40,42,54,87,94,87,77,86,80,84,92,70,71,66,64,86,52,56,84
76,68,73,80,76,60,60,63,77,82,52,60,62,70,61,58,49,49,38,40,48,47,50,48,57,54,56,56,63,43,53,51,24,18,20,33,14,41,38,17,17,22,22,21,20,19,43,45,84,87,90,77,87,89,91,84,64,79,69,65,74,56,56,67,33,47,22,26,22,22,56,27,39,32,34,39,46,37,37,46,85,85,79,73,82,78,88,94,63,75,64,49,88,59,53,85
84,68,68,76,73,61,56,68,80,81,53,64,50,61,61,61,61,67,55,48,45,42,50,50,59,62,51,65,59,57,61,47,18,23,27,38,6,50,37,15,11,25,25,28,24,18,55,45,82,86,84,87,80,91,90,85,63,73,63,65,71,69,64,68,34,48,28,22,20,27,59,26,37,29,33,49,51,46,36,41,86,91,83,78,90,78,92,89,71,73,64,49,85,55,57,86
90,65,73,78,74,61,57,75,77,77,46,58,55,70,59,66,53,47,48,42,49,51,47,43,60,52,46,55,56,48,53,51,19,22,28,39,11,48,31,16,16,23,18,15,17,19,51,33,85,88,94,87,86,87,91,86,63,82,70,76,74,67,69,70,35,40,27,22,20,20,46,23,26,29,36,48,38,37,32,53,89,96,81,77,91,87,92,94,76,80,64,66,90,66,68,86
83,61,75,74,85,66,58,75,73,71,55,66,65,78,61,66,52,44,39,43,48,51,41,35,55,44,48,51,70,48,56,51,21,18,26,30,11,46,37,15,15,19,24,24,12,18,41,39,83,88,91,87,84,91,87,83,62,78,65,69,72,69,61,71,24,33,23,24,14,28,42,20,45,25,31,47,45,49,41,44,92,92,85,68,86,87,91,90,70,77,55,60,90,53,68,85
82,67,75,78,86,65,70,68,80,74,50,70,60,75,60,69,65,58,52,52,53,51,49,55,57,42,55,47,53,48,56,58,20,22,24,33,14,45,33,23,13,21,24,20,24,23,48,36,85,89,95,88,88,86,91,81,62,79,69,66,61,61,58,65,28,38,25,30,17,33,50,21,37,26,32,41,42,48,40,49,88,94,83,71,87,80,90,92,59,81,59,63,89,51,60,83
72,64,74,78,76,60,59,74,68,80,53,64,50,67,58,67,54,51,47,57,59,51,46,48,55,56,57,45,55,58,54,50,18,23,25,33,15,40,42,14,15,19,27,32,23,16,46,42,81,87,89,88,85,91,90,79,64,70,61,61,67,52,57,66,32,40,19,23,20,30,53,20,41,37,42,44,44,43,37,54,87,90,77,71,93,80,82,93,64,70,58,49,87,59,49,85
85,66,75,79,77,68,53,67,81,77,61,59,62,83,58,67,41,43,48,52,43,46,44,47,57,51,53,42,49,48,57,50,23,15,19,21,13,43,31,18,9,21,26,15,16,11,47,40,85,90,87,92,89,87,94,83,67,81,77,58,71,55,60,57,20,37,14,21,16,29,42,18,46,27,24,37,37,35,31,51,82,89,76,70,85,81,86,87,74,74,56,63,83,67,56,79
81,70,60,81,75,62,55,60,76,77,52,66,45,64,58,57,59,52,42,58,49,50,41,52,65,56,56,48,57,51,49,50,22,27,32,32,14,52,32,12,22,25,28,30,23,28,56,39,79,88,92,88,86,88,83,82,62,78,54,69,68,64,61,66,31,41,30,23,27,24,48,32,43,33,36,44,40,48,42,47,84,93,83,77,83,85,85,90,62,66,70,51,91,56,57,82
81,59,73,75,80,59,41,63,78,66,48,64,51,68,59,54,59,59,44,57,54,51,53,45,62,51,48,47,52,52,53,48,25,23,19,34,14,47,31,23,17,26,19,21,17,24,52,48,82,88,88,82,78,87,83,77,57,74,70,64,71,69,61,70,33,41,26,33,30,31,49,29,48,31,42,46,40,43,45,59,87,93,78,79,86,89,84,93,70,75,64,48,80,61,56,76
75,71,75,75,78,63,64,57,78,74,69,60,62,69,60,60,63,61,42,55,50,52,54,46,62,59,46,49,55,43,56,55,28,23,27,39,15,51,34,16,18,20,22,23,20,22,47,45,80,85,87,86,85,92,85,78,52,75,60,67,67,68,51,68,34,39,27,21,26,32,60,22,32,30,35,39,44,40,29,51,87,91,75,70,85,82,85,88,78,70,60,56,87,51,61,88
78,61,61,75,74,61,56,60,73,81,55,62,57,63,60,59,58,53,45,59,51,52,49,55,64,54,62,54,55,46,61,45,30,24,26,40,14,45,35,16,10,23,23,14,26,21,47,31,76,88,89,79,81,88,86,82,67,83,63,66,62,65,54,73,33,41,26,21,25,24,54,28,39,27,32,47,39,43,39,50,88,92,85,73,85,85,87,94,66,76,62,52,82,54,61,85
80,63,64,72,78,59,54,56,75,71,52,62,52,67,56,60,55,58,55,56,52,50,46,57,60,55,57,56,61,53,55,51,28,32,31,39,15,44,41,23,16,21,29,29,24,20,55,45,80,88,88,82,81,87,84,81,61,75,58,62,76,67,61,70,35,37,36,20,23,25,49,34,41,29,32,49,40,43,42,47,91,90,80,73,89,86,88,92,69,74,65,60,84,61,57,85
80,70,73,84,79,56,55,64,81,75,55,63,58,66,55,56,52,66,43,53,54,47,49,52,68,57,56,60,62,57,55,51,20,18,19,23,13,38,31,17,20,24,22,20,23,21,47,45,83,93,92,83,84,90,87,84,61,81,71,65,63,63,59,64,25,48,22,23,21,28,49,23,46,27,37,40,43,45,45,49,91,95,85,80,89,90,90,91,67,77,68,65,87,63,57,88
77,63,76,78,84,56,60,77,76,77,54,65,54,70,55,70,59,46,45,53,45,48,47,49,57,52,54,58,59,53,61,48,21,25,23,36,8,41,30,13,19,29,20,27,22,23,44,48,84,94,95,87,84,94,89,86,69,78,73,67,67,61,68,69,24,34,26,27,20,21,49,22,39,30,30,38,49,34,50,48,96,95,83,76,83,89,94,96,63,78,59,61,88,49,61,87
82,77,71,78,81,66,60,64,80,71,48,60,60,73,66,72,53,54,40,51,51,46,53,47,61,56,43,57,50,40,58,49,23,26,24,35,11,38,36,18,15,23,33,18,29,23,41,35,81,88,88,89,85,93,90,82,64,77,71,59,75,62,62,73,29,31,30,24,19,21,44,26,29,23,30,42,40,41,39,45,89,91,81,75,91,83,91,94,66,79,61,52,92,63,65,86
74,54,69,77,79,61,58,66,69,67,53,61,49,71,54,56,59,40,44,51,41,48,45,38,62,45,45,45,50,46,45,49,33,32,26,32,12,46,32,24,21,29,28,25,25,24,49,46,85,81,82,80,82,88,84,86,59,66,61,58,68,62,67,58,34,41,18,32,17,30,50,26,39,39,36,39,42,46,33,49,82,86,75,66,86,80,86,85,70,75,48,51,86,47,59,83
76,71,72,74,78,61,59,66,75,72,47,62,54,73,59,67,67,59,47,51,47,56,39,46,65,54,55,55,65,47,53,53,24,18,20,28,10,43,40,13,8,23,20,23,22,22,42,45,77,88,91,83,82,90,84,82,74,70,57,69,72,61,53,67,28,39,26,30,23,26,50,28,40,22,27,43,41,42,38,56,89,96,84,78,91,85,86,91,74,72,67,50,85,64,60,86
87,76,74,71,83,50,60,64,71,70,52,68,64,76,55,65,54,45,33,47,40,49,38,48,60,39,55,52,52,49,49,48,18,24,23,31,8,44,34,21,17,24,22,16,18,20,54,40,84,90,90,81,84,86,90,85,64,81,74,67,74,70,57,67,25,31,15,29,18,25,44,21,28,31,39,48,46,44,38,48,90,95,80,66,93,80,88,94,70,79,67,58,88,46,63,91
66,70,69,79,80,50,57,70,73,71,55,60,56,73,51,58,55,54,46,55,44,52,42,55,60,55,55,56,51,56,62,58,23,30,21,42,13,49,41,20,17,31,28,21,29,26,49,45,82,82,90,85,85,87,87,80,63,81,70,73,71,70,58,62,30,46,29,29,30,38,51,32,39,38,34,40,42,56,45,39,84,93,81,75,87,80,85,86,77,67,61,57,85,64,56,87
77,75,84,90,86,66,61,79,80,69,58,69,59,89,59,72,55,68,49,62,65,51,52,54,61,49,50,57,56,54,56,46,19,12,15,34,13,44,54,13,10,20,18,19,14,13,46,29,91,94,92,94,88,93,89,91,61,87,66,82,88,85,70,80,22,45,21,31,14,40,74,22,45,9,23,24,40,30,35,45,87,95,79,71,90,83,80,91,78,88,62,67,93,60,68,86
85,74,82,88,74,62,60,86,80,75,60,76,64,77,54,79,52,74,58,63,58,60,58,55,63,46,56,56,52,46,53,54,17,11,13,24,19,41,54,12,14,25,16,16,7,12,53,34,91,92,95,93,90,98,93,91,66,90,69,78,91,79,67,69,30,54,32,30,14,39,76,19,30,13,22,22,37,35,23,46,90,96,85,73,92,90,83,94,71,85,71,58,94,48,73,81
89,71,88,88,83,76,69,82,84,77,51,79,61,84,56,81,62,70,52,55,60,48,52,54,54,54,50,46,48,55,60,44,19,19,15,37,12,47,40,15,7,31,17,15,12,10,52,30,88,93,97,87,93,95,94,89,63,91,59,80,88,86,69,71,26,40,17,30,8,38,70,18,38,13,22,25,32,34,18,49,84,96,74,68,93,84,81,92,79,84,66,63,95,64,69,86
81,73,86,87,78,70,64,81,78,62,57,73,61,89,59,73,62,71,59,57,55,51,57,46,57,54,45,55,46,46,54,51,18,14,23,33,14,51,56,17,6,25,19,16,19,17,51,36,90,94,99,90,94,93,94,87,66,89,63,80,91,81,70,73,25,35,20,31,15,33,72,17,30,7,21,27,41,35,25,46,91,98,76,62,92,75,90,97,78,88,70,71,95,60,76,86
87,63,90,80,84,66,60,76,79,61,60,71,62,81,66,74,52,63,56,57,45,45,56,42,63,57,46,52,46,51,55,47,20,9,22,32,18,36,63,23,13,27,23,14,10,5,51,48,89,94,89,91,91,98,88,88,57,91,74,83,86,83,72,81,27,45,27,31,13,39,80,20,32,10,16,29,49,26,33,50,89,94,82,69,89,87,86,95,85,82,73,54,93,62,60,88
83,64,85,85,73,72,62,75,75,64,53,80,52,83,59,73,56,67,40,58,52,49,56,45,57,59,45,59,50,45,49,52,19,9,17,35,21,47,57,17,14,34,27,18,14,15,42,42,79,93,91,90,92,86,86,87,50,79,65,78,76,81,64,77,27,41,30,34,16,32,69,18,37,16,20,16,41,28,26,49,83,90,81,74,89,83,86,94,79,84,64,61,86,51,69,83
86,69,84,84,79,69,58,79,78,71,46,71,59,83,64,76,60,64,50,57,56,55,50,52,59,53,51,58,48,40,53,49,13,18,14,33,14,48,46,27,11,24,13,16,13,13,39,40,90,93,92,94,89,95,91,90,74,86,75,83,89,80,73,72,26,51,15,28,18,40,71,25,28,11,23,22,43,28,23,50,82,98,83,69,90,78,78,94,83,85,69,59,93,44,75,88
83,68,83,87,82,56,58,83,81,73,47,63,53,88,57,65,55,55,41,66,67,59,46,50,62,51,55,62,52,54,58,45,14,12,17,35,11,50,61,18,13,25,21,13,18,12,51,38,87,93,97,90,92,93,91,90,55,84,68,80,85,82,62,79,30,42,22,33,20,33,73,18,37,9,28,25,48,26,30,51,92,94,81,75,91,87,81,97,74,86,63,55,93,63,61,91
73,72,86,88,76,66,61,81,85,72,65,66,59,81,59,73,50,65,57,62,62,58,49,50,73,47,55,42,50,51,62,43,19,14,20,29,15,46,55,17,7,24,25,16,20,9,41,42,92,95,96,89,90,91,91,84,66,86,67,81,89,82,74,73,26,51,24,26,16,43,65,15,39,7,19,24,34,28,30,38,87,92,80,68,89,83,84,96,84,86,73,62,94,59,63,91
75,62,84,78,77,71,63,78,75,69,59,68,67,80,65,74,52,67,53,60,61,52,51,54,63,45,49,57,54,50,49,53,19,28,15,36,18,50,60,15,9,26,26,16,21,9,39,40,88,95,95,90,88,94,92,84,58,83,67,87,84,71,74,66,24,45,24,34,23,37,62,20,34,23,22,32,46,28,31,58,79,90,79,61,91,83,76,92,82,87,60,60,86,51,59,89
90,71,86,88,79,65,63,86,73,73,52,80,58,81,60,73,52,65,59,57,54,53,47,52,63,50,54,54,52,54,52,54,22,15,19,33,9,53,63,6,5,31,20,20,9,8,44,40,89,88,90,91,96,91,93,86,65,87,62,80,86,80,56,72,29,48,29,31,19,39,74,24,23,13,27,38,47,28,24,35,83,96,87,65,86,86,79,94,75,84,69,60,98,57,57,84
82,76,79,88,80,69,67,83,74,66,53,72,59,84,58,74,63,62,45,60,63,54,52,49,63,46,51,47,52,45,62,41,17,15,23,28,6,52,50,15,9,19,17,9,9,12,38,44,84,90,97,90,91,90,90,82,64,85,66,84,88,77,67,80,26,37,24,30,14,40,68,12,34,12,19,22,40,31,27,55,86,94,82,67,80,82,92,92,82,91,65,56,92,62,61,91
88,71,85,82,82,73,67,77,74,64,51,64,61,82,65,78,60,62,58,48,52,48,47,50,59,45,46,50,56,54,53,52,21,18,17,31,14,55,57,10,8,27,23,16,15,8,39,38,91,97,91,90,92,93,92,87,61,92,63,85,87,80,65,73,29,35,23,23,19,37,74,20,40,9,16,27,49,32,20,47,87,94,81,68,87,87,84,97,71,83,65,72,93,50,70,96
92,72,85,87,73,74,69,79,71,54,62,71,61,82,63,71,58,61,53,54,53,54,57,62,65,50,50,59,51,42,57,50,16,15,17,33,15,48,59,18,14,30,27,19,17,9,47,45,86,95,92,92,93,94,94,90,67,89,53,72,84,72,68,70,22,50,19,33,15,37,70,12,46,14,25,23,47,33,24,50,88,92,81,74,89,81,91,94,71,82,72,65,88,62,65,92
82,65,88,89,81,66,57,77,75,78,62,72,55,85,64,76,49,65,56,57,62,53,56,55,66,45,46,51,45,47,51,43,15,13,13,34,12,55,55,13,5,33,19,13,8,10,49,43,83,91,98,96,95,97,90,87,60,88,59,80,86,84,74,82,29,51,27,32,14,36,70,18,37,6,18,22,53,24,28,44,85,94,83,71,88,83,86,96,80,90,62,66,92,48,68,87
88,62,87,94,84,63,63,85,82,74,54,73,53,86,63,77,55,61,43,54,63,48,64,48,68,51,54,65,54,60,61,53,23,14,10,29,17,46,59,17,8,24,15,12,11,6,40,47,83,93,94,92,90,97,94,89,66,91,72,89,88,88,75,81,30,42,26,33,22,29,71,12,27,8,20,15,42,29,25,47,85,97,75,70,94,85,87,92,81,89,75,63,94,65,68,95
83,69,85,87,83,63,63,79,74,76,60,73,48,84,61,75,64,69,54,53,53,56,48,55,54,54,49,49,57,48,52,44,19,10,12,41,12,52,56,6,15,27,25,26,14,7,41,34,78,92,96,82,91,90,90,86,63,89,71,80,81,77,61,75,28,48,26,34,24,33,74,16,35,12,15,22,47,28,29,44,88,95,79,74,91,81,87,92,82,80,58,77,96,60,70,94
85,79,88,87,81,75,60,80,87,73,55,68,56,87,69,70,67,68,57,66,61,45,63,65,66,46,58,58,51,49,54,43,13,14,20,34,15,44,59,15,10,34,13,12,9,8,41,34,92,94,95,93,95,93,95,84,65,81,61,85,86,77,71,78,30,39,27,37,12,38,71,23,35,11,16,16,37,32,23,44,87,97,79,77,85,82,79,97,77,86,75,60,96,50,63,94
83,73,87,88,80,75,51,80,85,66,49,72,57,81,64,71,54,70,54,60,50,46,55,55,61,62,47,51,56,53,52,49,14,11,18,28,18,42,48,20,9,26,22,21,5,7,45,41,82,96,96,92,96,96,94,93,70,89,66,80,88,83,61,74,36,43,27,33,14,40,73,13,43,13,19,17,37,27,29,42,91,97,79,68,89,80,83,97,81,84,62,64,94,55,65,92
89,66,88,88,80,65,56,76,80,59,53,63,64,84,66,73,56,71,47,52,58,49,56,54,55,53,48,52,54,53,49,46,18,16,12,27,13,49,55,17,7,25,17,14,15,6,40,35,94,93,95,88,88,95,93,91,65,87,73,80,85,82,74,76,27,34,23,28,12,34,68,19,37,7,27,20,47,22,23,48,92,95,79,73,92,85,86,94,79,82,64,66,93,59,69,93
80,70,86,90,81,66,59,83,74,69,58,80,61,87,64,75,51,67,51,56,61,54,55,46,75,52,42,51,40,50,54,40,26,19,14,30,16,39,58,15,4,23,16,13,8,8,37,38,92,93,93,90,96,95,94,88,70,81,72,88,88,81,75,74,30,52,24,32,18,34,65,20,34,9,18,29,38,27,23,48,87,98,80,74,92,79,85,97,80,90,74,70,95,55,59,85
81,70,84,79,77,71,70,76,82,75,55,71,65,77,51,79,52,66,57,63,56,52,57,56,62,53,44,52,55,48,57,43,11,11,19,31,14,41,59,19,14,26,29,20,15,7,53,34,93,85,93,86,94,97,91,88,66,86,65,84,90,72,60,76,35,40,22,25,15,29,75,18,37,15,16,16,40,31,27,47,87,92,79,68,91,86,82,92,71,90,69,61,92,62,57,85
82,68,83,84,77,72,66,78,77,64,44,70,51,78,54,78,58,60,51,58,54,52,57,51,58,44,45,51,48,59,50,48,22,14,15,33,19,48,56,16,8,31,25,11,15,11,45,29,84,95,97,92,89,92,93,92,58,79,67,78,85,79,65,72,35,45,17,26,16,35,67,24,43,16,17,24,44,23,33,46,89,94,77,75,86,84,81,90,80,88,60,56,93,53,69,86
93,73,81,82,77,63,60,83,81,70,55,80,53,80,49,73,52,60,46,51,55,49,45,53,66,44,46,52,45,49,56,49,30,8,11,33,16,34,56,15,13,20,19,20,10,12,49,40,81,93,93,89,95,94,89,87,68,81,73,87,92,79,64,80,27,40,20,41,9,31,67,20,34,9,14,19,50,26,23,47,84,87,76,65,85,80,83,95,72,85,59,62,94,54,60,90
84,66,81,80,74,61,69,76,82,63,46,68,53,73,60,72,59,59,54,49,47,53,45,58,63,48,43,55,55,51,44,47,21,14,19,34,9,50,54,13,7,22,21,20,16,14,45,34,91,93,93,91,91,96,93,85,61,91,65,77,86,78,69,72,34,46,24,32,12,31,74,27,33,11,17,21,42,32,25,48,86,93,73,71,90,86,85,93,82,88,61,59,93,56,70,86
81,68,82,89,80,62,62,82,81,70,60,76,61,76,59,75,62,63,49,49,57,61,50,53,64,63,58,53,46,40,50,48,19,19,22,39,13,53,64,16,18,23,18,14,16,15,39,40,90,94,91,87,93,96,90,92,59,91,62,79,86,83,63,68,34,44,31,31,9,38,72,26,42,17,25,21,50,32,25,38,87,94,84,69,85,82,88,93,77,83,65,54,92,50,67,90
85,74,81,81,78,70,61,79,77,67,57,69,42,84,58,82,51,57,46,59,63,39,49,48,60,51,46,62,49,47,49,41,23,7,19,42,17,54,60,20,10,22,16,24,11,9,44,43,82,87,93,88,91,96,91,92,61,86,57,76,87,81,71,78,34,49,21,36,11,36,74,24,42,10,25,26,41,34,21,49,82,91,75,71,85,79,84,92,74,84,62,56,91,61,65,86
83,68,87,83,78,72,61,81,78,61,58,74,51,80,59,71,52,63,58,62,59,56,51,54,62,60,50,50,54,44,51,44,19,13,21,42,16,60,52,15,10,33,16,15,18,5,47,40,84,97,92,89,87,94,88,84,57,86,60,85,84,79,69,75,19,48,28,24,19,35,75,24,39,13,23,31,35,27,27,43,85,96,73,70,85,81,84,93,70,84,75,63,89,59,56,91
80,72,76,82,83,60,64,80,75,66,56,76,58,79,63,66,50,70,50,57,57,46,48,57,64,56,41,57,52,53,55,48,19,16,17,41,21,46,53,13,7,35,23,15,12,17,45,33,90,95,93,90,92,96,88,85,56,89,64,80,83,74,66,75,29,50,25,24,16,24,60,16,33,15,16,29,47,30,26,44,90,96,79,77,87,82,88,97,79,79,59,65,88,52,54,92
89,64,84,80,80,67,65,74,69,66,60,79,58,80,61,72,50,66,54,49,61,61,47,49,49,53,46,42,49,56,54,50,19,11,16,35,20,51,52,23,10,26,22,19,11,13,40,44,87,95,89,89,91,93,88,87,62,83,60,88,85,76,70,76,28,34,29,36,15,37,70,23,35,10,22,28,40,27,26,52,79,94,84,73,91,81,83,95,69,87,56,60,88,59,70,89
82,70,86,90,73,63,63,78,68,68,55,83,53,80,54,80,56,63,57,58,43,51,45,64,57,51,46,50,42,43,66,51,19,8,20,39,14,45,51,17,6,27,22,11,10,11,50,39,84,91,94,89,93,95,89,88,63,85,63,84,84,83,69,74,37,45,24,37,12,33,72,18,37,15,28,24,42,34,26,42,91,94,74,68,87,85,84,97,82,82,55,52,93,56,65,92
89,60,85,85,76,72,59,88,73,68,52,75,60,84,67,75,56,69,51,50,59,54,54,58,54,46,49,51,53,56,41,49,20,12,16,32,8,50,53,15,7,28,20,16,13,8,35,37,90,94,90,92,93,98,94,84,63,95,66,81,92,81,72,76,30,37,23,30,15,34,68,15,36,6,25,30,40,32,21,48,89,94,79,64,89,82,82,92,72,83,61,56,92,66,63,85
81,63,84,80,79,70,60,72,67,60,63,75,55,80,63,66,49,69,47,58,61,52,56,58,57,54,48,53,46,49,42,51,24,10,19,25,19,40,46,20,10,25,18,16,11,15,55,48,82,90,87,90,88,92,89,85,61,85,64,81,80,83,65,72,32,40,22,28,15,37,71,14,34,14,27,21,49,34,29,48,82,91,78,71,89,81,79,93,76,85,58,60,86,67,57,86
87,73,81,82,88,67,63,88,79,72,53,75,51,87,58,75,54,68,53,55,51,49,46,54,58,54,57,46,54,52,53,40,24,13,18,31,10,53,53,14,11,26,19,10,15,12,49,38,83,93,93,87,89,93,90,90,62,86,70,75,82,84,71,73,30,56,27,34,14,31,72,21,34,13,18,22,44,26,26,48,91,97,82,72,86,90,83,95,78,87,63,61,94,57,63,92
87,72,87,80,76,64,62,79,77,66,50,65,60,87,56,75,56,64,52,57,54,46,60,54,66,53,47,49,51,47,48,43,18,11,16,30,14,51,46,13,11,19,28,16,11,12,54,47,82,89,92,92,94,91,92,86,64,86,65,79,84,75,68,76,29,42,20,34,18,33,72,16,33,9,21,23,47,29,22,49,89,94,76,73,89,85,84,95,83,87,67,64,92,50,66,90
82,78,78,89,82,64,64,84,72,74,56,71,46,80,59,69,50,61,51,66,51,56,52,59,68,50,52,49,55,46,51,57,15,13,15,30,16,43,62,10,6,16,19,14,24,11,47,31,86,94,93,90,90,94,87,89,63,87,63,83,87,83,72,70,30,52,21,27,12,36,76,18,36,10,20,32,44,34,28,51,85,93,83,69,85,81,85,95,85,88,65,59,92,67,66,85
78,65,82,84,84,65,62,75,69,75,60,77,64,82,68,71,66,65,54,56,50,52,49,47,57,55,46,50,46,39,53,47,19,15,15,34,12,57,55,16,16,26,19,19,15,6,43,42,88,93,92,91,94,95,90,86,62,86,71,81,79,78,70,71,27,40,28,33,16,38,76,25,35,13,21,25,34,32,25,44,86,93,81,69,86,81,86,91,80,90,57,62,82,66,60,86
77,72,82,84,76,68,67,77,79,71,52,65,65,84,62,77,56,72,55,46,54,55,55,50,67,43,51,58,48,47,52,52,16,6,16,33,16,49,62,21,9,20,20,10,15,11,51,42,88,91,94,94,94,95,89,87,65,81,67,77,83,78,76,79,32,47,23,35,13,30,68,25,34,7,29,21,43,28,27,55,81,92,79,67,88,86,82,96,74,88,62,57,95,56,69,86
85,72,80,85,82,70,63,77,79,67,50,74,54,82,66,73,52,64,50,56,65,52,49,51,69,53,55,53,41,50,65,50,25,12,15,33,14,61,55,19,10,30,28,17,14,9,48,37,90,93,98,89,95,94,92,92,64,90,64,84,83,76,68,64,27,40,30,32,10,49,75,23,38,10,13,19,38,28,36,44,84,95,81,69,85,79,82,92,75,85,69,69,97,69,62,93
82,74,80,81,87,74,56,82,78,62,52,58,44,79,65,67,65,53,54,60,57,54,46,48,57,55,46,60,50,55,45,40,23,15,19,39,20,38,58,22,8,27,20,17,9,12,51,46,90,93,92,96,88,93,89,84,62,82,69,82,83,73,72,78,26,43,18,32,10,31,71,27,39,9,22,27,48,31,26,44,91,90,70,66,82,84,81,91,70,86,62,62,86,43,65,92
79,65,81,85,81,60,64,83,76,69,58,72,62,78,57,84,53,52,43,62,57,44,52,54,62,53,51,46,42,47,52,53,13,14,22,35,16,42,62,16,8,26,20,17,18,8,39,36,84,93,95,88,93,95,93,89,67,90,65,79,88,74,72,76,26,49,20,38,19,28,70,23,37,16,17,22,37,28,23,45,83,98,80,77,86,89,73,96,78,87,65,60,91,51,67,90
86,68,79,84,80,66,65,73,74,70,51,70,53,86,49,71,58,69,53,56,49,54,50,53,66,45,50,54,49,55,54,50,18,19,14,31,16,49,63,17,9,26,25,17,15,12,46,47,89,95,93,94,91,96,89,88,60,89,66,80,83,78,73,76,37,43,22,31,10,34,62,21,33,4,13,29,41,35,28,50,89,96,80,64,91,81,80,96,77,88,66,63,93,53,64,86
92,73,84,83,82,68,59,84,72,70,54,75,54,87,68,78,57,63,54,51,66,45,55,53,64,53,46,57,58,54,62,54,19,9,20,27,14,49,52,18,9,19,15,10,10,16,42,43,89,93,96,88,92,97,96,88,56,90,63,75,84,70,67,79,28,44,28,28,10,23,62,19,34,10,20,24,40,32,33,48,89,96,75,72,86,82,80,97,75,87,67,57,97,67,56,93
89,67,86,92,80,62,65,74,75,64,54,74,55,85,63,69,47,65,56,58,54,62,50,54,52,50,56,48,51,54,54,43,22,14,21,31,15,49,53,14,8,24,18,12,14,15,45,41,90,98,92,97,92,95,93,84,62,90,77,74,87,77,72,71,34,35,23,29,15,33,62,15,34,17,25,27,45,24,19,39,87,94,77,68,92,84,84,94,78,91,64,70,87,58,72,86
83,59,88,88,81,76,59,81,79,72,53,70,53,76,60,72,45,58,49,49,60,54,50,45,55,40,51,55,42,49,55,43,12,16,16,39,15,45,57,14,12,21,24,10,9,14,50,36,87,95,90,87,93,97,90,88,70,91,68,74,83,81,68,74,27,40,27,32,16,33,70,18,31,9,24,21,44,36,25,30,85,94,72,66,90,78,80,96,70,84,72,54,91,56,57,88
86,72,84,78,83,60,68,79,75,66,58,67,57,82,70,77,49,64,53,49,54,49,48,60,62,57,46,47,48,48,46,51,21,13,22,31,16,44,57,16,5,21,18,21,10,10,41,38,93,93,91,96,88,91,93,86,55,83,71,76,84,86,61,79,27,56,28,26,19,29,70,30,31,12,28,21,44,25,31,49,89,94,77,69,89,82,85,92,80,89,67,63,95,48,64,91
82,72,83,90,78,77,63,81,78,71,51,78,50,83,61,72,44,64,55,64,54,49,50,52,65,43,49,57,60,50,50,41,26,14,13,33,11,50,56,14,6,28,14,8,10,11,48,32,82,96,95,94,87,95,92,88,64,88,58,76,83,78,57,73,32,43,30,25,17,27,74,20,39,12,15,16,40,22,28,44,91,98,79,72,89,86,88,96,78,85,61,65,94,57,68,85
79,72,87,85,76,67,61,76,80,73,44,68,57,83,58,80,56,59,52,57,54,56,48,52,58,55,49,51,45,47,51,49,18,21,14,32,16,51,54,16,9,24,12,12,10,11,48,41,88,94,91,88,93,97,94,86,62,86,69,78,91,78,65,78,25,51,29,33,16,37,72,24,36,11,27,24,41,32,30,52,89,93,72,68,90,79,83,95,80,85,63,58,90,50,61,87
90,66,86,85,79,62,66,83,80,73,56,81,60,79,63,78,50,71,50,71,59,51,60,56,64,46,53,46,48,56,55,43,15,16,18,36,10,52,60,16,8,25,26,15,14,9,46,37,87,94,90,96,91,92,89,88,65,87,60,76,86,82,71,75,24,45,21,29,15,36,66,18,42,8,21,29,48,32,21,53,85,92,83,69,92,82,80,96,78,86,65,66,93,55,68,86
90,75,90,84,78,69,60,82,78,58,57,70,57,82,65,63,55,69,49,54,53,56,52,48,59,55,48,55,45,51,45,54,14,14,19,30,13,51,63,12,9,20,21,14,17,17,31,36,85,96,92,94,93,97,93,86,66,85,64,76,85,78,66,78,29,40,26,37,18,31,72,18,42,10,22,17,34,28,26,42,88,96,81,70,88,82,83,95,85,89,75,65,91,64,67,82
85,67,84,84,76,68,62,72,79,61,51,70,60,85,63,75,64,76,63,49,63,53,46,56,63,57,44,52,48,49,46,41,21,22,13,28,19,45,53,15,7,32,32,16,15,16,48,38,85,95,89,91,92,95,91,87,60,89,70,75,84,80,67,78,29,42,37,46,13,30,75,20,38,19,19,32,42,24,30,48,83,93,80,71,91,82,84,92,81,85,62,60,95,56,70,86
77,70,87,81,76,65,73,91,77,65,52,75,58,80,63,73,58,59,41,55,65,52,54,47,58,38,50,45,49,50,60,45,27,11,21,28,21,54,62,17,13,29,27,12,12,11,42,33,90,96,94,95,91,95,91,84,61,86,60,81,78,77,60,78,21,38,27,23,18,36,68,23,39,12,18,23,39,31,27,45,83,96,85,77,90,84,81,99,72,86,65,68,91,51,60,85
86,61,75,88,82,78,59,77,82,71,56,65,58,81,61,77,46,59,51,53,56,53,52,47,64,51,47,67,61,50,52,45,18,19,23,34,15,50,56,18,6,25,15,13,18,9,43,45,86,97,94,95,93,97,95,87,66,92,74,80,87,75,67,73,28,44,22,34,13,29,66,19,33,13,23,28,36,26,24,49,85,95,82,68,89,81,86,98,80,84,62,62,94,56,56,88
86,70,82,88,82,68,66,84,80,74,56,85,58,80,55,69,56,63,52,57,66,51,53,59,60,50,48,57,57,50,60,56,14,7,17,36,13,48,57,17,6,26,18,11,12,11,51,51,84,99,93,92,98,98,88,83,68,87,65,86,80,83,77,75,24,50,31,38,15,31,73,20,42,7,18,19,50,35,25,40,90,94,87,62,88,75,83,95,85,86,63,58,91,51,68,91
89,72,94,81,79,65,62,87,77,66,57,76,50,82,71,70,54,54,53,55,52,43,55,57,67,47,50,54,50,49,56,52,18,11,15,32,10,47,44,15,4,27,13,18,13,6,50,36,84,92,94,95,94,100,96,88,73,89,62,79,90,86,72,75,27,41,25,29,18,34,70,21,39,5,24,17,42,31,24,47,85,95,78,65,86,87,83,98,81,92,64,66,94,68,59,86
83,73,86,90,84,67,67,84,81,72,59,73,53,81,61,78,53,59,51,60,56,57,54,58,68,55,54,54,44,53,55,44,17,7,17,35,11,51,55,8,6,22,17,18,11,7,45,32,90,92,95,92,96,95,95,90,65,95,65,85,88,82,74,73,24,49,25,33,14,28,69,17,35,10,21,26,44,30,30,56,85,96,73,76,91,84,86,95,89,88,72,65,96,53,65,91
84,79,81,89,87,70,61,86,75,68,53,79,50,81,60,68,51,67,48,54,55,55,50,52,59,49,46,57,43,40,49,50,22,20,14,44,22,34,62,13,8,24,18,16,11,18,48,47,91,93,96,92,96,96,92,91,71,90,60,80,88,78,67,75,30,54,24,31,15,39,73,19,30,12,27,28,50,29,24,42,87,94,84,67,89,75,87,95,75,83,58,63,92,53,67,90
83,72,78,84,73,66,62,75,78,67,44,71,47,83,72,71,62,61,50,55,56,51,58,49,54,53,48,54,57,47,62,50,16,9,16,39,16,51,59,22,17,23,15,7,19,10,43,47,85,90,95,86,91,93,94,86,70,90,64,78,83,75,70,74,27,37,20,26,22,27,64,17,24,13,21,27,31,25,31,47,83,94,80,71,90,88,88,91,80,83,73,62,91,58,66,86
88,63,82,81,78,64,61,80,75,71,50,75,56,87,67,80,56,67,55,61,52,53,53,50,57,50,41,56,55,56,56,43,19,20,17,28,13,46,47,17,12,27,27,16,15,10,39,28,85,92,96,88,93,94,89,95,63,86,60,79,83,78,67,72,22,43,23,35,17,28,73,20,45,11,28,28,46,26,22,44,90,93,79,74,86,80,89,96,77,81,66,56,96,58,63,86
89,77,81,88,78,64,62,87,75,73,54,71,61,84,69,72,61,59,48,63,59,53,55,61,70,51,56,46,45,46,58,48,20,14,21,30,11,57,55,16,10,32,16,15,14,9,49,43,90,92,94,90,90,95,94,85,61,90,67,71,85,84,65,81,30,44,26,30,13,40,67,19,44,11,22,26,42,34,27,53,86,91,72,58,87,73,84,92,76,86,64,62,95,62,71,84
82,69,84,83,83,60,61,79,72,64,48,71,60,79,67,75,65,65,59,59,58,44,50,47,60,54,43,40,51,48,50,50,19,13,19,38,9,46,62,5,10,24,32,16,11,11,43,30,82,94,96,89,90,97,93,92,68,92,61,86,84,81,72,72,30,39,24,28,16,31,71,24,29,16,22,24,51,31,21,42,89,94,77,65,88,86,86,93,75,80,70,74,95,55,60,93
85,73,81,87,79,75,62,78,84,67,63,74,65,79,61,77,59,60,55,58,49,47,52,41,53,55,55,55,57,53,48,46,18,15,18,24,12,57,57,15,9,27,22,11,14,4,57,38,90,93,92,91,94,93,92,90,70,88,74,80,90,84,69,73,27,43,22,28,23,31,69,16,38,8,29,21,43,31,28,41,87,94,71,70,86,86,88,93,74,85,70,60,94,50,62,87
84,75,80,83,78,71,69,76,76,65,49,72,54,82,57,77,60,72,55,55,66,55,48,41,61,51,56,66,50,55,54,45,16,16,18,40,11,48,66,16,11,20,20,21,13,15,47,27,86,96,94,93,93,96,90,84,67,90,67,82,83,78,62,76,34,50,30,36,15,39,72,21,40,11,19,24,42,28,18,51,85,97,79,74,92,85,79,94,74,90,58,53,95,53,67,84
89,66,86,93,81,68,69,87,80,75,65,74,49,91,68,80,56,62,57,59,52,47,55,61,68,64,48,61,52,48,55,40,22,15,16,37,11,59,61,15,7,27,13,13,18,15,40,39,88,94,98,93,92,97,91,90,63,91,56,81,87,80,70,81,25,43,21,28,17,38,74,17,26,11,15,21,42,31,32,46,91,98,73,73,89,86,81,98,86,91,76,60,96,67,68,88
89,66,88,90,84,66,60,66,72,68,56,74,53,81,58,76,61,51,55,69,51,51,54,53,61,49,45,44,46,54,55,57,17,22,13,32,15,50,57,21,9,27,24,14,14,9,46,25,81,95,94,90,90,97,91,86,66,78,69,75,85,75,73,75,29,50,35,29,20,41,61,20,37,16,24,21,41,26,22,49,92,95,80,68,89,82,85,93,73,81,68,58,92,54,65,90
87,67,86,89,77,67,62,80,73,72,44,72,50,81,66,76,54,68,57,62,60,54,58,53,58,54,58,54,56,50,53,42,19,15,16,36,22,52,58,14,5,23,21,20,7,12,43,37,86,93,91,93,89,98,91,87,71,92,73,83,87,74,71,72,26,52,24,34,8,38,77,19,40,17,23,24,45,30,25,51,88,95,82,72,90,83,85,91,78,89,74,62,92,62,58,87
82,76,79,81,73,55,65,82,79,63,57,71,42,69,61,69,52,61,53,61,56,39,49,55,62,49,38,52,54,48,54,47,17,15,19,30,19,53,51,16,13,21,14,20,11,13,40,36,85,96,89,88,94,97,86,82,63,92,68,75,83,86,74,74,31,50,18,37,20,40,69,22,29,16,29,18,42,41,36,47,84,95,80,59,85,82,85,93,76,83,61,64,90,49,67,86
84,69,78,85,84,69,63,83,78,67,53,77,59,81,68,73,45,68,59,55,63,53,51,58,67,48,50,54,54,52,64,44,15,16,10,30,18,46,57,18,8,25,22,14,13,10,51,39,88,92,93,93,93,97,84,88,66,89,67,84,88,79,69,79,28,52,33,21,24,30,70,21,39,7,19,27,41,34,27,48,89,96,75,70,90,82,87,97,79,89,65,59,93,59,63,91
86,73,85,82,82,66,68,81,76,60,54,65,59,88,60,71,50,60,48,50,55,52,44,57,59,50,45,56,41,51,48,50,21,13,9,30,12,56,53,12,9,22,19,17,14,11,45,37,85,90,90,89,86,96,92,87,65,88,59,79,84,82,66,73,24,52,21,32,17,33,73,23,33,10,28,25,38,34,29,50,88,92,74,63,85,78,79,97,67,92,63,51,92,61,66,88
90,71,91,87,83,69,59,80,83,69,52,81,61,85,63,75,60,73,53,65,53,56,59,60,60,58,52,62,52,49,66,39,13,18,18,27,15,49,50,10,12,24,18,14,16,9,46,41,85,93,95,95,95,96,94,85,52,91,69,81,82,76,62,72,29,49,24,34,14,31,72,18,38,10,29,35,44,34,20,55,84,98,84,70,91,81,85,97,79,86,62,61,95,61,70,91
90,74,86,88,86,61,69,82,77,70,48,70,50,82,63,74,60,65,50,58,56,54,40,54,60,39,52,54,39,47,54,49,28,10,12,26,13,47,50,15,7,22,19,15,17,12,48,30,86,96,89,89,94,95,93,92,64,91,63,80,86,82,69,78,30,41,27,30,11,31,68,16,39,10,20,21,43,24,24,45,87,98,85,71,87,79,77,94,77,89,70,60,94,66,61,87
76,65,87,89,74,74,59,82,75,66,58,66,64,82,64,69,49,59,61,47,61,49,50,43,65,51,51,54,46,53,60,48,26,13,24,47,14,51,59,8,10,22,21,10,16,16,37,42,90,92,93,91,91,95,92,87,57,87,59,78,88,81,68,79,31,38,25,29,14,38,66,17,36,10,19,25,40,33,32,40,93,91,74,71,88,79,76,96,81,80,67,61,97,53,64,89
82,67,80,89,80,62,61,77,79,70,51,71,49,83,60,75,61,64,50,60,57,50,52,55,68,46,59,47,64,57,54,51,20,23,17,32,14,44,63,16,8,31,14,20,15,11,48,49,83,97,92,88,90,86,87,87,54,82,64,82,86,82,65,79,33,42,34,26,17,35,73,17,33,16,23,26,42,29,27,49,91,94,81,76,91,83,83,97,72,88,58,64,88,59,65,90
88,68,86,87,74,64,75,87,77,74,53,75,55,87,57,75,52,66,53,53,51,49,53,56,60,51,51,52,41,51,48,46,23,17,12,27,9,49,59,15,9,25,17,15,12,11,46,38,94,94,96,95,95,97,95,85,66,88,70,90,89,79,63,77,26,40,30,33,15,28,67,16,33,9,21,18,44,28,26,52,94,95,78,70,90,81,89,96,77,81,68,52,92,61,53,89
89,74,80,84,87,66,74,84,76,69,57,82,56,73,65,71,52,69,45,46,61,53,56,63,60,53,46,57,49,51,55,49,19,17,27,32,13,49,50,12,11,19,18,5,12,9,44,41,91,94,90,91,93,97,97,93,66,90,71,77,91,80,65,78,21,45,27,30,12,35,70,24,34,10,24,21,42,26,25,43,91,99,86,74,95,81,80,95,78,91,66,67,87,55,65,93
84,72,78,80,79,62,51,87,70,72,53,73,59,81,58,79,53,79,51,57,65,59,58,53,64,46,49,54,53,42,57,46,14,13,21,36,20,50,63,17,11,26,26,15,13,14,54,41,91,97,96,92,92,99,97,91,60,86,64,78,83,75,65,78,33,39,27,26,14,38,76,26,41,13,17,21,45,33,27,49,86,94,84,83,90,85,82,95,71,88,63,65,90,59,63,91
85,76,86,89,80,76,65,73,84,68,44,68,48,75,67,75,57,72,51,62,62,46,54,63,60,53,50,51,60,51,50,51,13,15,22,38,13,58,54,15,7,22,18,18,12,9,46,41,85,93,96,92,94,97,91,85,70,86,75,82,84,81,75,73,34,48,23,30,16,29,71,13,34,7,26,21,34,35,35,37,88,96,82,63,89,78,84,94,80,80,67,61,96,57,67,92
85,75,84,90,79,72,61,83,75,67,55,72,64,86,62,73,48,67,63,52,59,47,51,59,62,43,51,52,43,52,51,50,24,12,17,39,20,51,56,14,7,26,23,19,18,13,44,42,89,95,96,96,91,97,91,88,58,90,71,82,88,76,72,75,23,55,27,34,10,36,76,21,37,11,16,23,42,28,26,49,86,96,77,68,88,81,85,99,78,95,71,62,90,66,67,89
84,77,84,84,83,69,66,84,77,72,50,69,57,82,54,79,54,60,55,56,52,53,56,47,61,52,45,50,42,48,54,50,15,20,19,29,14,57,55,12,10,22,22,16,18,18,49,32,83,94,93,94,90,97,95,80,65,80,67,84,81,83,67,77,27,45,25,36,15,29,64,23,33,12,28,25,40,33,34,42,92,94,74,72,92,90,87,96,80,82,69,53,94,52,68,90
69,66,82,79,80,70,60,84,78,73,51,66,57,74,66,77,61,65,47,58,55,64,57,55,63,47,48,52,53,49,50,54,17,18,15,36,23,46,55,16,8,24,19,19,19,18,44,38,87,94,94,94,92,96,92,83,68,87,62,78,85,72,69,71,27,44,25,31,27,39,74,21,32,13,22,32,45,31,32,44,91,94,80,69,90,80,80,98,79,84,62,59,90,55,59,86
80,63,80,89,80,70,70,84,72,74,57,75,64,81,67,75,52,64,51,52,60,45,46,43,58,42,50,54,58,49,52,50,18,14,13,31,8,54,62,12,8,27,21,14,18,11,47,35,86,94,89,91,95,94,88,91,66,77,68,84,84,81,76,83,23,43,21,21,19,32,73,22,28,9,24,24,43,25,25,43,83,89,82,74,91,77,87,93,79,83,67,65,91,51,64,84
78,69,88,87,77,77,64,78,77,68,57,77,58,86,65,74,55,66,54,56,58,56,50,60,55,47,47,51,52,53,55,45,15,22,15,32,17,54,62,15,8,29,21,21,11,9,42,34,86,93,93,95,98,93,92,87,66,87,72,78,85,80,70,65,30,49,26,24,16,32,66,15,31,14,16,29,47,43,21,50,89,93,76,72,86,80,83,98,85,92,70,56,93,60,61,89
76,68,76,79,71,68,59,78,80,66,48,73,67,79,50,77,63,51,61,58,56,51,49,48,62,55,61,58,51,44,53,43,11,14,18,32,20,52,60,15,7,24,17,21,9,12,47,48,91,93,92,92,96,93,81,83,61,84,60,76,87,73,62,69,25,43,31,33,16,41,64,25,43,11,17,19,38,35,24,50,86,93,83,65,92,84,89,96,82,86,63,49,90,60,66,89
87,69,79,86,81,71,60,80,74,65,45,76,63,79,61,67,57,64,53,63,69,48,59,43,61,54,46,60,47,57,57,53,19,18,20,36,14,43,60,16,13,22,22,17,9,13,45,36,87,94,95,93,88,95,95,85,65,84,73,87,77,74,63,78,24,40,29,33,15,35,69,20,37,14,18,21,39,25,38,46,83,95,75,66,89,81,83,99,77,87,60,65,93,51,66,95
84,71,83,90,85,70,71,83,82,70,54,77,59,87,60,78,48,72,56,50,59,47,53,46,59,51,47,61,52,51,63,49,17,15,17,33,13,55,52,12,10,17,17,16,13,13,45,29,86,94,96,95,93,95,88,84,66,85,70,84,81,73,71,79,32,38,30,33,14,33,77,22,34,12,20,27,39,32,25,48,89,97,85,72,95,82,89,92,84,86,68,56,93,57,59,86
86,70,86,90,80,71,58,82,81,74,63,65,48,86,70,82,59,66,54,58,54,53,58,59,53,58,54,52,57,56,50,54,15,13,22,28,15,51,61,15,8,30,22,14,15,8,41,39,92,96,96,91,96,95,96,88,62,92,70,86,86,72,71,79,24,49,26,26,8,35,76,22,26,16,20,28,52,27,32,41,87,98,80,77,91,83,84,93,77,82,64,66,90,61,65,92
83,69,81,83,80,78,72,79,80,66,55,68,61,85,75,77,59,66,55,55,59,56,65,59,60,42,56,48,53,47,55,54,16,15,24,43,19,48,56,20,7,25,20,14,10,11,40,43,88,91,92,97,95,92,93,86,55,93,62,84,87,82,69,76,28,41,23,29,19,38,73,16,38,11,19,21,29,29,30,45,89,95,80,67,88,75,84,98,82,86,61,64,93,56,62,84
78,66,73,89,72,71,64,77,79,70,55,70,57,81,54,79,57,64,59,56,56,53,50,47,65,58,51,54,47,50,55,50,17,18,22,33,22,52,52,12,8,34,22,18,16,12,41,35,85,91,90,91,89,96,84,89,58,80,61,79,81,81,62,72,31,42,37,35,16,36,66,19,43,10,30,31,44,27,32,47,91,94,83,70,93,82,87,97,75,86,63,65,91,59,63,86
86,70,87,87,79,69,67,82,74,74,58,71,43,81,58,77,54,64,48,57,58,52,51,49,63,58,58,65,53,48,61,49,12,12,23,37,16,54,65,13,6,19,17,18,9,12,47,41,91,93,96,91,94,94,94,89,56,79,68,79,84,77,68,74,26,49,24,24,11,34,74,13,32,12,25,23,27,27,25,47,86,94,81,69,87,80,90,96,78,90,70,64,92,58,71,86
80,67,80,88,80,63,64,88,79,73,58,75,57,83,60,78,60,60,55,59,50,57,47,52,72,48,47,54,53,58,46,40,25,18,13,38,19,45,63,16,9,20,21,13,10,8,44,30,86,93,92,94,91,93,97,85,66,87,64,81,83,74,69,79,27,49,27,32,21,32,62,18,24,12,23,23,40,27,35,48,87,97,82,65,89,89,83,96,72,86,62,66,92,56,64,86
85,74,83,82,82,66,69,81,80,68,59,71,51,83,67,71,51,69,46,56,61,48,50,51,63,55,57,48,46,56,43,33,16,16,19,28,6,47,58,13,12,23,15,16,13,15,44,34,87,96,95,92,92,98,96,89,67,89,62,81,91,81,64,83,33,48,22,26,19,29,68,33,35,10,15,27,46,38,29,43,85,94,77,66,90,85,84,96,80,85,66,64,91,52,56,90
87,67,84,86,85,57,63,79,86,71,48,74,56,80,59,75,58,68,49,68,56,58,52,52,64,39,55,47,56,58,50,51,21,21,19,31,11,48,62,16,6,29,16,16,15,10,53,41,90,94,91,95,92,90,93,92,61,87,75,81,85,78,61,76,30,44,27,33,8,36,72,18,35,15,24,24,50,28,30,51,86,91,80,79,88,73,83,97,82,77,61,63,89,57,63,90
85,73,86,89,80,66,61,81,75,74,52,71,64,81,58,84,50,65,54,61,61,41,49,51,60,45,48,46,57,46,56,50,20,15,15,30,13,53,58,19,7,23,13,19,9,6,45,48,86,93,96,92,90,94,91,91,60,88,75,78,88,79,72,71,34,35,29,24,10,37,74,25,34,17,26,21,46,29,25,40,87,97,83,74,92,86,85,97,82,89,66,59,93,50,64,92
85,62,83,88,83,65,60,78,79,67,61,63,65,80,57,72,62,63,50,57,57,53,44,51,53,47,47,58,54,47,45,43,17,19,21,30,14,43,52,19,7,20,31,17,16,14,57,40,87,90,90,90,89,97,92,82,59,83,71,81,83,81,80,68,20,46,23,22,19,33,66,20,38,10,21,17,43,30,22,50,86,96,79,64,84,85,88,91,83,86,65,60,97,52,61,83
88,75,89,88,82,66,66,85,79,70,65,72,55,83,64,71,54,68,52,60,56,50,58,62,58,43,53,44,54,56,59,50,23,22,17,35,16,53,52,12,9,26,21,11,13,10,50,36,83,89,93,87,96,95,94,93,70,90,68,81,84,82,65,70,40,46,19,28,15,32,73,24,37,8,20,26,39,28,28,42,85,99,77,73,90,87,88,97,73,81,64,61,96,58,61,93
82,74,83,83,84,69,62,82,80,74,48,69,50,77,67,70,54,59,61,53,58,49,58,55,57,52,48,61,47,56,63,47,17,10,24,34,10,56,51,10,2,22,19,13,11,8,46,40,90,95,97,90,93,93,95,87,62,89,72,86,85,83,76,77,29,42,25,31,16,29,74,16,42,12,17,26,43,28,25,49,88,95,80,65,95,88,85,96,77,86,60,66,93,58,61,90
78,62,86,79,78,73,62,78,82,70,52,67,53,87,72,78,51,64,46,59,54,54,50,63,60,54,51,51,57,57,55,49,23,17,16,42,18,46,53,13,9,20,18,10,11,16,45,46,81,95,92,92,91,94,91,84,62,88,57,81,89,83,65,73,25,39,21,34,15,40,74,16,41,8,19,29,38,29,34,44,86,93,84,66,93,79,85,97,78,92,57,70,93,54,61,88
79,76,90,87,77,71,64,76,77,75,51,77,61,84,68,76,61,64,57,58,67,59,48,57,60,56,56,59,47,60,52,46,16,14,20,37,13,57,49,8,9,25,29,17,13,12,49,36,86,97,95,93,91,95,87,80,72,89,68,83,80,81,72,76,24,42,20,33,15,39,78,23,35,13,21,24,44,24,26,49,80,96,78,76,90,85,78,94,73,85,67,59,94,57,63,90
82,61,86,80,79,66,60,77,76,66,56,77,56,79,58,71,57,72,58,64,57,55,55,51,57,55,52,57,53,51,59,51,19,23,16,30,10,45,52,18,10,31,14,18,17,10,55,36,88,92,94,90,91,96,96,85,65,87,74,88,82,73,73,76,27,47,24,28,18,27,68,17,37,12,23,25,43,27,24,59,90,95,77,62,88,84,82,97,80,88,71,67,93,59,63,88
80,73,84,86,80,66,70,77,64,67,55,74,55,81,66,66,61,73,54,54,62,53,46,55,57,52,47,48,51,50,53,58,15,11,19,42,12,46,64,15,7,27,17,9,12,11,38,39,83,91,95,94,94,95,95,92,71,92,66,72,91,83,66,73,24,44,29,28,17,32,63,17,40,13,18,23,41,27,31,53,86,93,78,72,89,81,78,92,68,88,62,58,91,57,62,86
